,year,category,oscar_wins,entity
0,1927,best_picture,False,the caddo company
1,1927,best_picture,False,fox
2,1927,best_picture,True,paramount famous lasky
3,1928,best_picture,False,feature productions
4,1928,best_picture,False,fox
5,1928,best_picture,True,metro-goldwyn-mayer
6,1928,best_picture,False,metro-goldwyn-mayer
7,1928,best_picture,False,paramount famous lasky
8,1929,best_picture,True,all quiet on the western front
9,1929,best_picture,False,the big house
10,1929,best_picture,False,disraeli
11,1929,best_picture,False,the divorcee
12,1929,best_picture,False,the love parade
13,1930,best_picture,True,cimarron
14,1930,best_picture,False,east lynne
15,1930,best_picture,False,the front page
16,1930,best_picture,False,skippy
17,1930,best_picture,False,trader horn
18,1931,best_picture,False,arrowsmith
19,1931,best_picture,False,bad girl
20,1931,best_picture,False,the champ
21,1931,best_picture,False,five star final
22,1931,best_picture,True,grand hotel
23,1931,best_picture,False,one hour with you
24,1931,best_picture,False,shanghai express
25,1931,best_picture,False,the smiling lieutenant
26,1932,best_picture,True,cavalcade
27,1932,best_picture,False,a farewell to arms
28,1932,best_picture,False,42nd street
29,1932,best_picture,False,i am a fugitive from a chain gang
30,1932,best_picture,False,lady for a day
31,1932,best_picture,False,little women
32,1932,best_picture,False,the private life of henry viii
33,1932,best_picture,False,she done him wrong
34,1932,best_picture,False,smilin' through
35,1932,best_picture,False,state fair
36,1934,best_picture,False,the barretts of wimpole street
37,1934,best_picture,False,cleopatra
38,1934,best_picture,False,flirtation walk
39,1934,best_picture,False,the gay divorcee
40,1934,best_picture,False,here comes the navy
41,1934,best_picture,False,the house of rothschild
42,1934,best_picture,False,imitation of life
43,1934,best_picture,True,it happened one night
44,1934,best_picture,False,one night of love
45,1934,best_picture,False,the thin man
46,1934,best_picture,False,viva villa!
47,1934,best_picture,False,the white parade
48,1935,best_picture,False,alice adams
49,1935,best_picture,False,broadway melody of 1936
50,1935,best_picture,False,captain blood
51,1935,best_picture,False,david copperfield
52,1935,best_picture,False,the informer
53,1935,best_picture,False,les miserables
54,1935,best_picture,False,the lives of a bengal lancer
55,1935,best_picture,False,a midsummer night's dream
56,1935,best_picture,True,mutiny on the bounty
57,1935,best_picture,False,naughty marietta
58,1935,best_picture,False,ruggles of red gap
59,1935,best_picture,False,top hat
60,1936,best_picture,False,anthony adverse
61,1936,best_picture,False,dodsworth
62,1936,best_picture,True,the great ziegfeld
63,1936,best_picture,False,libeled lady
64,1936,best_picture,False,mr. deeds goes to town
65,1936,best_picture,False,romeo and juliet
66,1936,best_picture,False,san francisco
67,1936,best_picture,False,the story of louis pasteur
68,1936,best_picture,False,a tale of two cities
69,1936,best_picture,False,three smart girls
70,1937,best_picture,False,the awful truth
71,1937,best_picture,False,captains courageous
72,1937,best_picture,False,dead end
73,1937,best_picture,False,the good earth
74,1937,best_picture,False,in old chicago
75,1937,best_picture,True,the life of emile zola
76,1937,best_picture,False,lost horizon
77,1937,best_picture,False,one hundred men and a girl
78,1937,best_picture,False,stage door
79,1937,best_picture,False,a star is born
80,1938,best_picture,False,the adventures of robin hood
81,1938,best_picture,False,alexander's ragtime band
82,1938,best_picture,False,boys town
83,1938,best_picture,False,the citadel
84,1938,best_picture,False,four daughters
85,1938,best_picture,False,grand illusion
86,1938,best_picture,False,jezebel
87,1938,best_picture,False,pygmalion
88,1938,best_picture,False,test pilot
89,1938,best_picture,True,you can't take it with you
90,1939,best_picture,False,dark victory
91,1939,best_picture,True,gone with the wind
92,1939,best_picture,False,"goodbye, mr. chips"
93,1939,best_picture,False,love affair
94,1939,best_picture,False,mr. smith goes to washington
95,1939,best_picture,False,ninotchka
96,1939,best_picture,False,of mice and men
97,1939,best_picture,False,stagecoach
98,1939,best_picture,False,the wizard of oz
99,1939,best_picture,False,wuthering heights
100,1940,best_picture,False,"all this, and heaven too"
101,1940,best_picture,False,foreign correspondent
102,1940,best_picture,False,the grapes of wrath
103,1940,best_picture,False,the great dictator
104,1940,best_picture,False,kitty foyle
105,1940,best_picture,False,the letter
106,1940,best_picture,False,the long voyage home
107,1940,best_picture,False,our town
108,1940,best_picture,False,the philadelphia story
109,1940,best_picture,True,rebecca
110,1941,best_picture,False,blossoms in the dust
111,1941,best_picture,False,citizen kane
112,1941,best_picture,False,here comes mr. jordan
113,1941,best_picture,False,hold back the dawn
114,1941,best_picture,True,how green was my valley
115,1941,best_picture,False,the little foxes
116,1941,best_picture,False,the maltese falcon
117,1941,best_picture,False,one foot in heaven
118,1941,best_picture,False,sergeant york
119,1941,best_picture,False,suspicion
120,1942,best_picture,False,the invaders
121,1942,best_picture,False,kings row
122,1942,best_picture,False,the magnificent ambersons
123,1942,best_picture,True,mrs. miniver
124,1942,best_picture,False,the pied piper
125,1942,best_picture,False,the pride of the yankees
126,1942,best_picture,False,random harvest
127,1942,best_picture,False,the talk of the town
128,1942,best_picture,False,wake island
129,1942,best_picture,False,yankee doodle dandy
130,1943,best_picture,True,casablanca
131,1943,best_picture,False,for whom the bell tolls
132,1943,best_picture,False,heaven can wait
133,1943,best_picture,False,the human comedy
134,1943,best_picture,False,in which we serve
135,1943,best_picture,False,madame curie
136,1943,best_picture,False,the more the merrier
137,1943,best_picture,False,the ox-bow incident
138,1943,best_picture,False,the song of bernadette
139,1943,best_picture,False,watch on the rhine
140,1944,best_picture,False,double indemnity
141,1944,best_picture,False,gaslight
142,1944,best_picture,True,going my way
143,1944,best_picture,False,since you went away
144,1944,best_picture,False,wilson
145,1945,best_picture,False,anchors aweigh
146,1945,best_picture,False,the bells of st. mary's
147,1945,best_picture,True,the lost weekend
148,1945,best_picture,False,mildred pierce
149,1945,best_picture,False,spellbound
150,1946,best_picture,True,the best years of our lives
151,1946,best_picture,False,henry v
152,1946,best_picture,False,it's a wonderful life
153,1946,best_picture,False,the razor's edge
154,1946,best_picture,False,the yearling
155,1947,best_picture,False,the bishop's wife
156,1947,best_picture,False,crossfire
157,1947,best_picture,True,gentleman's agreement
158,1947,best_picture,False,great expectations
159,1947,best_picture,False,miracle on 34th street
160,1948,best_picture,True,hamlet
161,1948,best_picture,False,johnny belinda
162,1948,best_picture,False,the red shoes
163,1948,best_picture,False,the snake pit
164,1948,best_picture,False,the treasure of the sierra madre
165,1949,best_picture,True,all the king's men
166,1949,best_picture,False,battleground
167,1949,best_picture,False,the heiress
168,1949,best_picture,False,a letter to three wives
169,1949,best_picture,False,twelve o'clock high
170,1950,best_picture,True,all about eve
171,1950,best_picture,False,born yesterday
172,1950,best_picture,False,father of the bride
173,1950,best_picture,False,king solomon's mines
174,1950,best_picture,False,sunset blvd.
175,1951,best_picture,True,an american in paris
176,1951,best_picture,False,decision before dawn
177,1951,best_picture,False,a place in the sun
178,1951,best_picture,False,quo vadis
179,1951,best_picture,False,a streetcar named desire
180,1952,best_picture,True,the greatest show on earth
181,1952,best_picture,False,high noon
182,1952,best_picture,False,ivanhoe
183,1952,best_picture,False,moulin rouge
184,1952,best_picture,False,the quiet man
185,1953,best_picture,True,from here to eternity
186,1953,best_picture,False,julius caesar
187,1953,best_picture,False,the robe
188,1953,best_picture,False,roman holiday
189,1953,best_picture,False,shane
190,1954,best_picture,False,the caine mutiny
191,1954,best_picture,False,the country girl
192,1954,best_picture,True,on the waterfront
193,1954,best_picture,False,seven brides for seven brothers
194,1954,best_picture,False,three coins in the fountain
195,1955,best_picture,False,love is a many-splendored thing
196,1955,best_picture,True,marty
197,1955,best_picture,False,mister roberts
198,1955,best_picture,False,picnic
199,1955,best_picture,False,the rose tattoo
200,1956,best_picture,True,around the world in 80 days
201,1956,best_picture,False,friendly persuasion
202,1956,best_picture,False,giant
203,1956,best_picture,False,the king and i
204,1956,best_picture,False,the ten commandments
205,1957,best_picture,True,the bridge on the river kwai
206,1957,best_picture,False,peyton place
207,1957,best_picture,False,sayonara
208,1957,best_picture,False,12 angry men
209,1957,best_picture,False,witness for the prosecution
210,1958,best_picture,False,auntie mame
211,1958,best_picture,False,cat on a hot tin roof
212,1958,best_picture,False,the defiant ones
213,1958,best_picture,True,gigi
214,1958,best_picture,False,separate tables
215,1959,best_picture,False,anatomy of a murder
216,1959,best_picture,True,ben-hur
217,1959,best_picture,False,the diary of anne frank
218,1959,best_picture,False,the nun's story
219,1959,best_picture,False,room at the top
220,1960,best_picture,False,the alamo
221,1960,best_picture,True,the apartment
222,1960,best_picture,False,elmer gantry
223,1960,best_picture,False,sons and lovers
224,1960,best_picture,False,the sundowners
225,1961,best_picture,False,fanny
226,1961,best_picture,False,the guns of navarone
227,1961,best_picture,False,the hustler
228,1961,best_picture,False,judgment at nuremberg
229,1961,best_picture,True,west side story
230,1927,lead_actor,False,richard barthelmess
231,1927,lead_actor,True,emil jannings
232,1928,lead_actor,False,george bancroft
233,1928,lead_actor,True,warner baxter
234,1928,lead_actor,False,chester morris
235,1928,lead_actor,False,paul muni
236,1928,lead_actor,False,lewis stone
237,1929,lead_actor,True,george arliss
238,1929,lead_actor,False,george arliss
239,1929,lead_actor,False,wallace beery
240,1929,lead_actor,False,maurice chevalier
241,1929,lead_actor,False,ronald colman
242,1929,lead_actor,False,lawrence tibbett
243,1930,lead_actor,True,lionel barrymore
244,1930,lead_actor,False,jackie cooper
245,1930,lead_actor,False,richard dix
246,1930,lead_actor,False,fredric march
247,1930,lead_actor,False,adolphe menjou
248,1931,lead_actor,True,wallace beery
249,1931,lead_actor,False,alfred lunt
250,1931,lead_actor,True,fredric march
251,1932,lead_actor,False,leslie howard
252,1932,lead_actor,True,charles laughton
253,1932,lead_actor,False,paul muni
254,1934,lead_actor,True,clark gable
255,1934,lead_actor,False,frank morgan
256,1934,lead_actor,False,william powell
257,1935,lead_actor,False,clark gable
258,1935,lead_actor,False,charles laughton
259,1935,lead_actor,True,victor mclaglen
260,1935,lead_actor,False,paul muni
261,1935,lead_actor,False,franchot tone
262,1936,lead_actor,False,gary cooper
263,1936,lead_actor,False,walter huston
264,1936,lead_actor,True,paul muni
265,1936,lead_actor,False,william powell
266,1936,lead_actor,False,spencer tracy
267,1937,lead_actor,False,charles boyer
268,1937,lead_actor,False,fredric march
269,1937,lead_actor,False,robert montgomery
270,1937,lead_actor,False,paul muni
271,1937,lead_actor,True,spencer tracy
272,1938,lead_actor,False,charles boyer
273,1938,lead_actor,False,james cagney
274,1938,lead_actor,False,robert donat
275,1938,lead_actor,False,leslie howard
276,1938,lead_actor,True,spencer tracy
277,1939,lead_actor,True,robert donat
278,1939,lead_actor,False,clark gable
279,1939,lead_actor,False,laurence olivier
280,1939,lead_actor,False,mickey rooney
281,1939,lead_actor,False,james stewart
282,1940,lead_actor,False,charles chaplin
283,1940,lead_actor,False,henry fonda
284,1940,lead_actor,False,raymond massey
285,1940,lead_actor,False,laurence olivier
286,1940,lead_actor,True,james stewart
287,1941,lead_actor,True,gary cooper
288,1941,lead_actor,False,cary grant
289,1941,lead_actor,False,walter huston
290,1941,lead_actor,False,robert montgomery
291,1941,lead_actor,False,orson welles
292,1942,lead_actor,True,james cagney
293,1942,lead_actor,False,ronald colman
294,1942,lead_actor,False,gary cooper
295,1942,lead_actor,False,walter pidgeon
296,1942,lead_actor,False,monty woolley
297,1943,lead_actor,False,humphrey bogart
298,1943,lead_actor,False,gary cooper
299,1943,lead_actor,True,paul lukas
300,1943,lead_actor,False,walter pidgeon
301,1943,lead_actor,False,mickey rooney
302,1944,lead_actor,False,charles boyer
303,1944,lead_actor,True,bing crosby
304,1944,lead_actor,False,barry fitzgerald
305,1944,lead_actor,False,cary grant
306,1944,lead_actor,False,alexander knox
307,1945,lead_actor,False,bing crosby
308,1945,lead_actor,False,gene kelly
309,1945,lead_actor,True,ray milland
310,1945,lead_actor,False,gregory peck
311,1945,lead_actor,False,cornel wilde
312,1946,lead_actor,True,fredric march
313,1946,lead_actor,False,laurence olivier
314,1946,lead_actor,False,larry parks
315,1946,lead_actor,False,gregory peck
316,1946,lead_actor,False,james stewart
317,1947,lead_actor,True,ronald colman
318,1947,lead_actor,False,john garfield
319,1947,lead_actor,False,gregory peck
320,1947,lead_actor,False,william powell
321,1947,lead_actor,False,michael redgrave
322,1948,lead_actor,False,lew ayres
323,1948,lead_actor,False,montgomery clift
324,1948,lead_actor,False,dan dailey
325,1948,lead_actor,True,laurence olivier
326,1948,lead_actor,False,clifton webb
327,1949,lead_actor,True,broderick crawford
328,1949,lead_actor,False,kirk douglas
329,1949,lead_actor,False,gregory peck
330,1949,lead_actor,False,richard todd
331,1949,lead_actor,False,john wayne
332,1950,lead_actor,False,louis calhern
333,1950,lead_actor,True,josé ferrer
334,1950,lead_actor,False,william holden
335,1950,lead_actor,False,james stewart
336,1950,lead_actor,False,spencer tracy
337,1951,lead_actor,True,humphrey bogart
338,1951,lead_actor,False,marlon brando
339,1951,lead_actor,False,montgomery clift
340,1951,lead_actor,False,arthur kennedy
341,1951,lead_actor,False,fredric march
342,1952,lead_actor,False,marlon brando
343,1952,lead_actor,True,gary cooper
344,1952,lead_actor,False,kirk douglas
345,1952,lead_actor,False,josé ferrer
346,1952,lead_actor,False,alec guinness
347,1953,lead_actor,False,marlon brando
348,1953,lead_actor,False,richard burton
349,1953,lead_actor,False,montgomery clift
350,1953,lead_actor,True,william holden
351,1953,lead_actor,False,burt lancaster
352,1954,lead_actor,False,humphrey bogart
353,1954,lead_actor,True,marlon brando
354,1954,lead_actor,False,bing crosby
355,1954,lead_actor,False,james mason
356,1954,lead_actor,False,dan o'herlihy
357,1955,lead_actor,True,ernest borgnine
358,1955,lead_actor,False,james cagney
359,1955,lead_actor,False,james dean
360,1955,lead_actor,False,frank sinatra
361,1955,lead_actor,False,spencer tracy
362,1956,lead_actor,True,yul brynner
363,1956,lead_actor,False,james dean
364,1956,lead_actor,False,kirk douglas
365,1956,lead_actor,False,rock hudson
366,1956,lead_actor,False,sir laurence olivier
367,1957,lead_actor,False,marlon brando
368,1957,lead_actor,False,anthony franciosa
369,1957,lead_actor,True,alec guinness
370,1957,lead_actor,False,charles laughton
371,1957,lead_actor,False,anthony quinn
372,1958,lead_actor,False,tony curtis
373,1958,lead_actor,False,paul newman
374,1958,lead_actor,True,david niven
375,1958,lead_actor,False,sidney poitier
376,1958,lead_actor,False,spencer tracy
377,1959,lead_actor,False,laurence harvey
378,1959,lead_actor,True,charlton heston
379,1959,lead_actor,False,jack lemmon
380,1959,lead_actor,False,paul muni
381,1959,lead_actor,False,james stewart
382,1960,lead_actor,False,trevor howard
383,1960,lead_actor,True,burt lancaster
384,1960,lead_actor,False,jack lemmon
385,1960,lead_actor,False,laurence olivier
386,1960,lead_actor,False,spencer tracy
387,1961,lead_actor,False,charles boyer
388,1961,lead_actor,False,paul newman
389,1961,lead_actor,True,maximilian schell
390,1961,lead_actor,False,spencer tracy
391,1961,lead_actor,False,stuart whitman
392,1962,lead_actor,False,burt lancaster
393,1962,lead_actor,False,jack lemmon
394,1962,lead_actor,False,marcello mastroianni
395,1962,lead_actor,False,peter o'toole
396,1962,lead_actor,True,gregory peck
397,1963,lead_actor,False,albert finney
398,1963,lead_actor,False,richard harris
399,1963,lead_actor,False,rex harrison
400,1963,lead_actor,False,paul newman
401,1963,lead_actor,True,sidney poitier
402,1964,lead_actor,False,richard burton
403,1964,lead_actor,True,rex harrison
404,1964,lead_actor,False,peter o'toole
405,1964,lead_actor,False,anthony quinn
406,1964,lead_actor,False,peter sellers
407,1965,lead_actor,False,richard burton
408,1965,lead_actor,True,lee marvin
409,1965,lead_actor,False,laurence olivier
410,1965,lead_actor,False,rod steiger
411,1965,lead_actor,False,oskar werner
412,1966,lead_actor,False,alan arkin
413,1966,lead_actor,False,richard burton
414,1966,lead_actor,False,michael caine
415,1966,lead_actor,False,steve mcqueen
416,1966,lead_actor,True,paul scofield
417,1967,lead_actor,False,warren beatty
418,1967,lead_actor,False,dustin hoffman
419,1967,lead_actor,False,paul newman
420,1967,lead_actor,True,rod steiger
421,1967,lead_actor,False,spencer tracy
422,1968,lead_actor,False,alan arkin
423,1968,lead_actor,False,alan bates
424,1968,lead_actor,False,ron moody
425,1968,lead_actor,False,peter o'toole
426,1968,lead_actor,True,cliff robertson
427,1969,lead_actor,False,richard burton
428,1969,lead_actor,False,dustin hoffman
429,1969,lead_actor,False,peter o'toole
430,1969,lead_actor,False,jon voight
431,1969,lead_actor,True,john wayne
432,1970,lead_actor,False,melvyn douglas
433,1970,lead_actor,False,james earl jones
434,1970,lead_actor,False,jack nicholson
435,1970,lead_actor,False,ryan o'neal
436,1970,lead_actor,True,george c. scott
437,1971,lead_actor,False,peter finch
438,1971,lead_actor,True,gene hackman
439,1971,lead_actor,False,walter matthau
440,1971,lead_actor,False,george c. scott
441,1971,lead_actor,False,topol
442,1972,lead_actor,True,marlon brando
443,1972,lead_actor,False,michael caine
444,1972,lead_actor,False,laurence olivier
445,1972,lead_actor,False,peter o'toole
446,1972,lead_actor,False,paul winfield
447,1973,lead_actor,False,marlon brando
448,1973,lead_actor,True,jack lemmon
449,1973,lead_actor,False,jack nicholson
450,1973,lead_actor,False,al pacino
451,1973,lead_actor,False,robert redford
452,1974,lead_actor,True,art carney
453,1974,lead_actor,False,albert finney
454,1974,lead_actor,False,dustin hoffman
455,1974,lead_actor,False,jack nicholson
456,1974,lead_actor,False,al pacino
457,1975,lead_actor,False,walter matthau
458,1975,lead_actor,True,jack nicholson
459,1975,lead_actor,False,al pacino
460,1975,lead_actor,False,maximilian schell
461,1975,lead_actor,False,james whitmore
462,1976,lead_actor,False,robert de niro
463,1976,lead_actor,True,peter finch
464,1976,lead_actor,False,giancarlo giannini
465,1976,lead_actor,False,william holden
466,1976,lead_actor,False,sylvester stallone
467,1977,lead_actor,False,woody allen
468,1977,lead_actor,False,richard burton
469,1977,lead_actor,True,richard dreyfuss
470,1977,lead_actor,False,marcello mastroianni
471,1977,lead_actor,False,john travolta
472,1978,lead_actor,False,warren beatty
473,1978,lead_actor,False,gary busey
474,1978,lead_actor,False,robert de niro
475,1978,lead_actor,False,laurence olivier
476,1978,lead_actor,True,jon voight
477,1979,lead_actor,True,dustin hoffman
478,1979,lead_actor,False,jack lemmon
479,1979,lead_actor,False,al pacino
480,1979,lead_actor,False,roy scheider
481,1979,lead_actor,False,peter sellers
482,1980,lead_actor,True,robert de niro
483,1980,lead_actor,False,robert duvall
484,1980,lead_actor,False,john hurt
485,1980,lead_actor,False,jack lemmon
486,1980,lead_actor,False,peter o'toole
487,1981,lead_actor,False,warren beatty
488,1981,lead_actor,True,henry fonda
489,1981,lead_actor,False,burt lancaster
490,1981,lead_actor,False,dudley moore
491,1981,lead_actor,False,paul newman
492,1982,lead_actor,False,dustin hoffman
493,1982,lead_actor,True,ben kingsley
494,1982,lead_actor,False,jack lemmon
495,1982,lead_actor,False,paul newman
496,1982,lead_actor,False,peter o'toole
497,1983,lead_actor,False,michael caine
498,1983,lead_actor,False,tom conti
499,1983,lead_actor,False,tom courtenay
500,1983,lead_actor,True,robert duvall
501,1983,lead_actor,False,albert finney
502,1984,lead_actor,True,f. murray abraham
503,1984,lead_actor,False,jeff bridges
504,1984,lead_actor,False,albert finney
505,1984,lead_actor,False,tom hulce
506,1984,lead_actor,False,sam waterston
507,1985,lead_actor,False,harrison ford
508,1985,lead_actor,False,james garner
509,1985,lead_actor,True,william hurt
510,1985,lead_actor,False,jack nicholson
511,1985,lead_actor,False,jon voight
512,1986,lead_actor,False,dexter gordon
513,1986,lead_actor,False,bob hoskins
514,1986,lead_actor,False,william hurt
515,1986,lead_actor,True,paul newman
516,1986,lead_actor,False,james woods
517,1987,lead_actor,True,michael douglas
518,1987,lead_actor,False,william hurt
519,1987,lead_actor,False,marcello mastroianni
520,1987,lead_actor,False,jack nicholson
521,1987,lead_actor,False,robin williams
522,1988,lead_actor,False,gene hackman
523,1988,lead_actor,False,tom hanks
524,1988,lead_actor,True,dustin hoffman
525,1988,lead_actor,False,edward james olmos
526,1988,lead_actor,False,max von sydow
527,1989,lead_actor,False,kenneth branagh
528,1989,lead_actor,False,tom cruise
529,1989,lead_actor,True,daniel day lewis
530,1989,lead_actor,False,morgan freeman
531,1989,lead_actor,False,robin williams
532,1990,lead_actor,False,kevin costner
533,1990,lead_actor,False,robert de niro
534,1990,lead_actor,False,gerard depardieu
535,1990,lead_actor,False,richard harris
536,1990,lead_actor,True,jeremy irons
537,1991,lead_actor,False,warren beatty
538,1991,lead_actor,False,robert de niro
539,1991,lead_actor,True,anthony hopkins
540,1991,lead_actor,False,nick nolte
541,1991,lead_actor,False,robin williams
542,1992,lead_actor,False,robert downey jr.
543,1992,lead_actor,False,clint eastwood
544,1992,lead_actor,True,al pacino
545,1992,lead_actor,False,stephen rea
546,1992,lead_actor,False,denzel washington
547,1993,lead_actor,False,daniel day-lewis
548,1993,lead_actor,False,laurence fishburne
549,1993,lead_actor,True,tom hanks
550,1993,lead_actor,False,anthony hopkins
551,1993,lead_actor,False,liam neeson
552,1994,lead_actor,False,morgan freeman
553,1994,lead_actor,True,tom hanks
554,1994,lead_actor,False,nigel hawthorne
555,1994,lead_actor,False,paul newman
556,1994,lead_actor,False,john travolta
557,1995,lead_actor,True,nicolas cage
558,1995,lead_actor,False,richard dreyfuss
559,1995,lead_actor,False,anthony hopkins
560,1995,lead_actor,False,sean penn
561,1995,lead_actor,False,massimo troisi
562,1996,lead_actor,False,tom cruise
563,1996,lead_actor,False,ralph fiennes
564,1996,lead_actor,False,woody harrelson
565,1996,lead_actor,True,geoffrey rush
566,1996,lead_actor,False,billy bob thornton
567,1997,lead_actor,False,matt damon
568,1997,lead_actor,False,robert duvall
569,1997,lead_actor,False,peter fonda
570,1997,lead_actor,False,dustin hoffman
571,1997,lead_actor,True,jack nicholson
572,1998,lead_actor,True,roberto benigni
573,1998,lead_actor,False,tom hanks
574,1998,lead_actor,False,ian mckellen
575,1998,lead_actor,False,nick nolte
576,1998,lead_actor,False,edward norton
577,1999,lead_actor,False,russell crowe
578,1999,lead_actor,False,richard farnsworth
579,1999,lead_actor,False,sean penn
580,1999,lead_actor,True,kevin spacey
581,1999,lead_actor,False,denzel washington
582,2000,lead_actor,False,javier bardem
583,2000,lead_actor,True,russell crowe
584,2000,lead_actor,False,tom hanks
585,2000,lead_actor,False,ed harris
586,2000,lead_actor,False,geoffrey rush
587,2001,lead_actor,False,russell crowe
588,2001,lead_actor,False,sean penn
589,2001,lead_actor,False,will smith
590,2001,lead_actor,True,denzel washington
591,2001,lead_actor,False,tom wilkinson
592,2002,lead_actor,True,adrien brody
593,2002,lead_actor,False,nicolas cage
594,2002,lead_actor,False,michael caine
595,2002,lead_actor,False,daniel day-lewis
596,2002,lead_actor,False,jack nicholson
597,2003,lead_actor,False,johnny depp
598,2003,lead_actor,False,ben kingsley
599,2003,lead_actor,False,jude law
600,2003,lead_actor,False,bill murray
601,2003,lead_actor,True,sean penn
602,2004,lead_actor,False,don cheadle
603,2004,lead_actor,False,johnny depp
604,2004,lead_actor,False,leonardo dicaprio
605,2004,lead_actor,False,clint eastwood
606,2004,lead_actor,True,jamie foxx
607,2005,lead_actor,True,philip seymour hoffman
608,2005,lead_actor,False,terrence howard
609,2005,lead_actor,False,heath ledger
610,2005,lead_actor,False,joaquin phoenix
611,2005,lead_actor,False,david strathairn
612,2006,lead_actor,False,leonardo dicaprio
613,2006,lead_actor,False,ryan gosling
614,2006,lead_actor,False,peter o'toole
615,2006,lead_actor,False,will smith
616,2006,lead_actor,True,forest whitaker
617,2007,lead_actor,False,george clooney
618,2007,lead_actor,True,daniel day-lewis
619,2007,lead_actor,False,johnny depp
620,2007,lead_actor,False,tommy lee jones
621,2007,lead_actor,False,viggo mortensen
622,2008,lead_actor,False,richard jenkins
623,2008,lead_actor,False,frank langella
624,2008,lead_actor,True,sean penn
625,2008,lead_actor,False,brad pitt
626,2008,lead_actor,False,mickey rourke
627,2009,lead_actor,True,jeff bridges
628,2009,lead_actor,False,george clooney
629,2009,lead_actor,False,colin firth
630,2009,lead_actor,False,morgan freeman
631,2009,lead_actor,False,jeremy renner
632,2010,lead_actor,False,javier bardem
633,2010,lead_actor,False,jeff bridges
634,2010,lead_actor,False,jesse eisenberg
635,2010,lead_actor,True,colin firth
636,2010,lead_actor,False,james franco
637,2011,lead_actor,False,demián bichir
638,2011,lead_actor,False,george clooney
639,2011,lead_actor,True,jean dujardin
640,2011,lead_actor,False,gary oldman
641,2011,lead_actor,False,brad pitt
642,2012,lead_actor,False,bradley cooper
643,2012,lead_actor,True,daniel day-lewis
644,2012,lead_actor,False,hugh jackman
645,2012,lead_actor,False,joaquin phoenix
646,2012,lead_actor,False,denzel washington
647,2013,lead_actor,False,christian bale
648,2013,lead_actor,False,bruce dern
649,2013,lead_actor,False,leonardo dicaprio
650,2013,lead_actor,False,chiwetel ejiofor
651,2013,lead_actor,True,matthew mcconaughey
652,2014,lead_actor,False,steve carell
653,2014,lead_actor,False,bradley cooper
654,2014,lead_actor,False,benedict cumberbatch
655,2014,lead_actor,False,michael keaton
656,2014,lead_actor,True,eddie redmayne
657,2015,lead_actor,False,bryan cranston
658,2015,lead_actor,False,matt damon
659,2015,lead_actor,True,leonardo dicaprio
660,2015,lead_actor,False,michael fassbender
661,2015,lead_actor,False,eddie redmayne
662,2016,lead_actor,True,casey affleck
663,2016,lead_actor,False,andrew garfield
664,2016,lead_actor,False,ryan gosling
665,2016,lead_actor,False,viggo mortensen
666,2016,lead_actor,False,denzel washington
667,2017,lead_actor,False,timothée chalamet
668,2017,lead_actor,False,daniel day-lewis
669,2017,lead_actor,False,daniel kaluuya
670,2017,lead_actor,True,gary oldman
671,2017,lead_actor,False,denzel washington
672,1927,lead_actress,False,louise dresser
673,1927,lead_actress,True,janet gaynor
674,1927,lead_actress,False,gloria swanson
675,1928,lead_actress,False,ruth chatterton
676,1928,lead_actress,False,betty compson
677,1928,lead_actress,False,jeanne eagels
678,1928,lead_actress,False,corinne griffith
679,1928,lead_actress,False,bessie love
680,1928,lead_actress,True,mary pickford
681,1929,lead_actress,False,nancy carroll
682,1929,lead_actress,False,ruth chatterton
683,1929,lead_actress,False,greta garbo
684,1929,lead_actress,True,norma shearer
685,1929,lead_actress,False,norma shearer
686,1929,lead_actress,False,gloria swanson
687,1930,lead_actress,False,marlene dietrich
688,1930,lead_actress,True,marie dressler
689,1930,lead_actress,False,irene dunne
690,1930,lead_actress,False,ann harding
691,1930,lead_actress,False,norma shearer
692,1931,lead_actress,False,marie dressler
693,1931,lead_actress,False,lynn fontanne
694,1931,lead_actress,True,helen hayes
695,1932,lead_actress,True,katharine hepburn
696,1932,lead_actress,False,may robson
697,1932,lead_actress,False,diana wynyard
698,1934,lead_actress,True,claudette colbert
699,1934,lead_actress,False,bette davis
700,1934,lead_actress,False,grace moore
701,1934,lead_actress,False,norma shearer
702,1935,lead_actress,False,elisabeth bergner
703,1935,lead_actress,False,claudette colbert
704,1935,lead_actress,True,bette davis
705,1935,lead_actress,False,katharine hepburn
706,1935,lead_actress,False,miriam hopkins
707,1935,lead_actress,False,merle oberon
708,1936,lead_actress,False,irene dunne
709,1936,lead_actress,False,gladys george
710,1936,lead_actress,False,carole lombard
711,1936,lead_actress,True,luise rainer
712,1936,lead_actress,False,norma shearer
713,1937,lead_actress,False,irene dunne
714,1937,lead_actress,False,greta garbo
715,1937,lead_actress,False,janet gaynor
716,1937,lead_actress,True,luise rainer
717,1937,lead_actress,False,barbara stanwyck
718,1938,lead_actress,False,fay bainter
719,1938,lead_actress,True,bette davis
720,1938,lead_actress,False,wendy hiller
721,1938,lead_actress,False,norma shearer
722,1938,lead_actress,False,margaret sullavan
723,1939,lead_actress,False,bette davis
724,1939,lead_actress,False,irene dunne
725,1939,lead_actress,False,greta garbo
726,1939,lead_actress,False,greer garson
727,1939,lead_actress,True,vivien leigh
728,1940,lead_actress,False,bette davis
729,1940,lead_actress,False,joan fontaine
730,1940,lead_actress,False,katharine hepburn
731,1940,lead_actress,True,ginger rogers
732,1940,lead_actress,False,martha scott
733,1941,lead_actress,False,bette davis
734,1941,lead_actress,False,olivia de havilland
735,1941,lead_actress,True,joan fontaine
736,1941,lead_actress,False,greer garson
737,1941,lead_actress,False,barbara stanwyck
738,1942,lead_actress,False,bette davis
739,1942,lead_actress,True,greer garson
740,1942,lead_actress,False,katharine hepburn
741,1942,lead_actress,False,rosalind russell
742,1942,lead_actress,False,teresa wright
743,1943,lead_actress,False,jean arthur
744,1943,lead_actress,False,ingrid bergman
745,1943,lead_actress,False,joan fontaine
746,1943,lead_actress,False,greer garson
747,1943,lead_actress,True,jennifer jones
748,1944,lead_actress,True,ingrid bergman
749,1944,lead_actress,False,claudette colbert
750,1944,lead_actress,False,bette davis
751,1944,lead_actress,False,greer garson
752,1944,lead_actress,False,barbara stanwyck
753,1945,lead_actress,False,ingrid bergman
754,1945,lead_actress,True,joan crawford
755,1945,lead_actress,False,greer garson
756,1945,lead_actress,False,jennifer jones
757,1945,lead_actress,False,gene tierney
758,1946,lead_actress,True,olivia de havilland
759,1946,lead_actress,False,celia johnson
760,1946,lead_actress,False,jennifer jones
761,1946,lead_actress,False,rosalind russell
762,1946,lead_actress,False,jane wyman
763,1947,lead_actress,False,joan crawford
764,1947,lead_actress,False,susan hayward
765,1947,lead_actress,False,dorothy mcguire
766,1947,lead_actress,False,rosalind russell
767,1947,lead_actress,True,loretta young
768,1948,lead_actress,False,ingrid bergman
769,1948,lead_actress,False,olivia de havilland
770,1948,lead_actress,False,irene dunne
771,1948,lead_actress,False,barbara stanwyck
772,1948,lead_actress,True,jane wyman
773,1949,lead_actress,False,jeanne crain
774,1949,lead_actress,True,olivia de havilland
775,1949,lead_actress,False,susan hayward
776,1949,lead_actress,False,deborah kerr
777,1949,lead_actress,False,loretta young
778,1950,lead_actress,False,anne baxter
779,1950,lead_actress,False,bette davis
780,1950,lead_actress,True,judy holliday
781,1950,lead_actress,False,eleanor parker
782,1950,lead_actress,False,gloria swanson
783,1951,lead_actress,False,katharine hepburn
784,1951,lead_actress,True,vivien leigh
785,1951,lead_actress,False,eleanor parker
786,1951,lead_actress,False,shelley winters
787,1951,lead_actress,False,jane wyman
788,1952,lead_actress,True,shirley booth
789,1952,lead_actress,False,joan crawford
790,1952,lead_actress,False,bette davis
791,1952,lead_actress,False,julie harris
792,1952,lead_actress,False,susan hayward
793,1953,lead_actress,False,leslie caron
794,1953,lead_actress,False,ava gardner
795,1953,lead_actress,True,audrey hepburn
796,1953,lead_actress,False,deborah kerr
797,1953,lead_actress,False,maggie mcnamara
798,1954,lead_actress,False,dorothy dandridge
799,1954,lead_actress,False,judy garland
800,1954,lead_actress,False,audrey hepburn
801,1954,lead_actress,True,grace kelly
802,1954,lead_actress,False,jane wyman
803,1955,lead_actress,False,susan hayward
804,1955,lead_actress,False,katharine hepburn
805,1955,lead_actress,False,jennifer jones
806,1955,lead_actress,True,anna magnani
807,1955,lead_actress,False,eleanor parker
808,1956,lead_actress,False,carroll baker
809,1956,lead_actress,True,ingrid bergman
810,1956,lead_actress,False,katharine hepburn
811,1956,lead_actress,False,nancy kelly
812,1956,lead_actress,False,deborah kerr
813,1957,lead_actress,False,deborah kerr
814,1957,lead_actress,False,anna magnani
815,1957,lead_actress,False,elizabeth taylor
816,1957,lead_actress,False,lana turner
817,1957,lead_actress,True,joanne woodward
818,1958,lead_actress,True,susan hayward
819,1958,lead_actress,False,deborah kerr
820,1958,lead_actress,False,shirley maclaine
821,1958,lead_actress,False,rosalind russell
822,1958,lead_actress,False,elizabeth taylor
823,1959,lead_actress,False,doris day
824,1959,lead_actress,False,audrey hepburn
825,1959,lead_actress,False,katharine hepburn
826,1959,lead_actress,True,simone signoret
827,1959,lead_actress,False,elizabeth taylor
828,1960,lead_actress,False,greer garson
829,1960,lead_actress,False,deborah kerr
830,1960,lead_actress,False,shirley maclaine
831,1960,lead_actress,False,melina mercouri
832,1960,lead_actress,True,elizabeth taylor
833,1961,lead_actress,False,audrey hepburn
834,1961,lead_actress,False,piper laurie
835,1961,lead_actress,True,sophia loren
836,1961,lead_actress,False,geraldine page
837,1961,lead_actress,False,natalie wood
838,1962,lead_actress,True,anne bancroft
839,1962,lead_actress,False,bette davis
840,1962,lead_actress,False,katharine hepburn
841,1962,lead_actress,False,geraldine page
842,1962,lead_actress,False,lee remick
843,1963,lead_actress,False,leslie caron
844,1963,lead_actress,False,shirley maclaine
845,1963,lead_actress,True,patricia neal
846,1963,lead_actress,False,rachel roberts
847,1963,lead_actress,False,natalie wood
848,1964,lead_actress,True,julie andrews
849,1964,lead_actress,False,anne bancroft
850,1964,lead_actress,False,sophia loren
851,1964,lead_actress,False,debbie reynolds
852,1964,lead_actress,False,kim stanley
853,1965,lead_actress,False,julie andrews
854,1965,lead_actress,True,julie christie
855,1965,lead_actress,False,samantha eggar
856,1965,lead_actress,False,elizabeth hartman
857,1965,lead_actress,False,simone signoret
858,1966,lead_actress,False,anouk aimee
859,1966,lead_actress,False,ida kaminska
860,1966,lead_actress,False,lynn redgrave
861,1966,lead_actress,False,vanessa redgrave
862,1966,lead_actress,True,elizabeth taylor
863,1967,lead_actress,False,anne bancroft
864,1967,lead_actress,False,faye dunaway
865,1967,lead_actress,False,dame edith evans
866,1967,lead_actress,False,audrey hepburn
867,1967,lead_actress,True,katharine hepburn
868,1968,lead_actress,True,katharine hepburn
869,1968,lead_actress,False,patricia neal
870,1968,lead_actress,False,vanessa redgrave
871,1968,lead_actress,True,barbra streisand
872,1968,lead_actress,False,joanne woodward
873,1969,lead_actress,False,genevieve bujold
874,1969,lead_actress,False,jane fonda
875,1969,lead_actress,False,liza minnelli
876,1969,lead_actress,False,jean simmons
877,1969,lead_actress,True,maggie smith
878,1970,lead_actress,False,jane alexander
879,1970,lead_actress,True,glenda jackson
880,1970,lead_actress,False,ali macgraw
881,1970,lead_actress,False,sarah miles
882,1970,lead_actress,False,carrie snodgress
883,1971,lead_actress,False,julie christie
884,1971,lead_actress,True,jane fonda
885,1971,lead_actress,False,glenda jackson
886,1971,lead_actress,False,vanessa redgrave
887,1971,lead_actress,False,janet suzman
888,1972,lead_actress,True,liza minnelli
889,1972,lead_actress,False,diana ross
890,1972,lead_actress,False,maggie smith
891,1972,lead_actress,False,cicely tyson
892,1972,lead_actress,False,liv ullmann
893,1973,lead_actress,False,ellen burstyn
894,1973,lead_actress,True,glenda jackson
895,1973,lead_actress,False,marsha mason
896,1973,lead_actress,False,barbra streisand
897,1973,lead_actress,False,joanne woodward
898,1974,lead_actress,True,ellen burstyn
899,1974,lead_actress,False,diahann carroll
900,1974,lead_actress,False,faye dunaway
901,1974,lead_actress,False,valerie perrine
902,1974,lead_actress,False,gena rowlands
903,1975,lead_actress,False,isabelle adjani
904,1975,lead_actress,False,ann-margret
905,1975,lead_actress,True,louise fletcher
906,1975,lead_actress,False,glenda jackson
907,1975,lead_actress,False,carol kane
908,1936,supporting_actor,False,mischa auer
909,1936,supporting_actor,True,walter brennan
910,1936,supporting_actor,False,stuart erwin
911,1936,supporting_actor,False,basil rathbone
912,1936,supporting_actor,False,akim tamiroff
913,1937,supporting_actor,False,ralph bellamy
914,1937,supporting_actor,False,thomas mitchell
915,1937,supporting_actor,True,joseph schildkraut
916,1937,supporting_actor,False,h. b. warner
917,1937,supporting_actor,False,roland young
918,1938,supporting_actor,True,walter brennan
919,1938,supporting_actor,False,john garfield
920,1938,supporting_actor,False,gene lockhart
921,1938,supporting_actor,False,robert morley
922,1938,supporting_actor,False,basil rathbone
923,1939,supporting_actor,False,brian aherne
924,1939,supporting_actor,False,harry carey
925,1939,supporting_actor,False,brian donlevy
926,1939,supporting_actor,True,thomas mitchell
927,1939,supporting_actor,False,claude rains
928,1940,supporting_actor,False,albert basserman
929,1940,supporting_actor,True,walter brennan
930,1940,supporting_actor,False,william gargan
931,1940,supporting_actor,False,jack oakie
932,1940,supporting_actor,False,james stephenson
933,1941,supporting_actor,False,walter brennan
934,1941,supporting_actor,False,charles coburn
935,1941,supporting_actor,True,donald crisp
936,1941,supporting_actor,False,james gleason
937,1941,supporting_actor,False,sydney greenstreet
938,1942,supporting_actor,False,william bendix
939,1942,supporting_actor,True,van heflin
940,1942,supporting_actor,False,walter huston
941,1942,supporting_actor,False,frank morgan
942,1942,supporting_actor,False,henry travers
943,1943,supporting_actor,False,charles bickford
944,1943,supporting_actor,True,charles coburn
945,1943,supporting_actor,False,j. carrol naish
946,1943,supporting_actor,False,claude rains
947,1943,supporting_actor,False,akim tamiroff
948,1944,supporting_actor,False,hume cronyn
949,1944,supporting_actor,True,barry fitzgerald
950,1944,supporting_actor,False,claude rains
951,1944,supporting_actor,False,clifton webb
952,1944,supporting_actor,False,monty woolley
953,1945,supporting_actor,False,michael chekhov
954,1945,supporting_actor,False,john dall
955,1945,supporting_actor,True,james dunn
956,1945,supporting_actor,False,robert mitchum
957,1945,supporting_actor,False,j. carrol naish
958,1946,supporting_actor,False,charles coburn
959,1946,supporting_actor,False,william demarest
960,1946,supporting_actor,False,claude rains
961,1946,supporting_actor,True,harold russell
962,1946,supporting_actor,False,clifton webb
963,1947,supporting_actor,False,charles bickford
964,1947,supporting_actor,False,thomas gomez
965,1947,supporting_actor,True,edmund gwenn
966,1947,supporting_actor,False,robert ryan
967,1947,supporting_actor,False,richard widmark
968,1948,supporting_actor,False,charles bickford
969,1948,supporting_actor,False,josé ferrer
970,1948,supporting_actor,False,oscar homolka
971,1948,supporting_actor,True,walter huston
972,1948,supporting_actor,False,cecil kellaway
973,1949,supporting_actor,False,john ireland
974,1949,supporting_actor,True,dean jagger
975,1949,supporting_actor,False,arthur kennedy
976,1949,supporting_actor,False,ralph richardson
977,1949,supporting_actor,False,james whitmore
978,1950,supporting_actor,False,jeff chandler
979,1950,supporting_actor,False,edmund gwenn
980,1950,supporting_actor,False,sam jaffe
981,1950,supporting_actor,True,george sanders
982,1950,supporting_actor,False,erich von stroheim
983,1951,supporting_actor,False,leo genn
984,1951,supporting_actor,False,kevin mccarthy
985,1951,supporting_actor,True,karl malden
986,1951,supporting_actor,False,peter ustinov
987,1951,supporting_actor,False,gig young
988,1952,supporting_actor,False,richard burton
989,1952,supporting_actor,False,arthur hunnicutt
990,1952,supporting_actor,False,victor mclaglen
991,1952,supporting_actor,False,jack palance
992,1952,supporting_actor,True,anthony quinn
993,1953,supporting_actor,False,eddie albert
994,1953,supporting_actor,False,brandon de wilde
995,1953,supporting_actor,False,jack palance
996,1953,supporting_actor,True,frank sinatra
997,1953,supporting_actor,False,robert strauss
998,1954,supporting_actor,False,lee j. cobb
999,1954,supporting_actor,False,karl malden
1000,1954,supporting_actor,True,edmond o'brien
1001,1954,supporting_actor,False,rod steiger
1002,1954,supporting_actor,False,tom tully
1003,1955,supporting_actor,False,arthur kennedy
1004,1955,supporting_actor,True,jack lemmon
1005,1955,supporting_actor,False,joe mantell
1006,1955,supporting_actor,False,sal mineo
1007,1955,supporting_actor,False,arthur o'connell
1008,1956,supporting_actor,False,don murray
1009,1956,supporting_actor,False,anthony perkins
1010,1956,supporting_actor,True,anthony quinn
1011,1956,supporting_actor,False,mickey rooney
1012,1956,supporting_actor,False,robert stack
1013,1957,supporting_actor,True,red buttons
1014,1957,supporting_actor,False,vittorio de sica
1015,1957,supporting_actor,False,sessue hayakawa
1016,1957,supporting_actor,False,arthur kennedy
1017,1957,supporting_actor,False,russ tamblyn
1018,1958,supporting_actor,False,theodore bikel
1019,1958,supporting_actor,False,lee j. cobb
1020,1958,supporting_actor,True,burl ives
1021,1958,supporting_actor,False,arthur kennedy
1022,1958,supporting_actor,False,gig young
1023,1959,supporting_actor,True,hugh griffith
1024,1959,supporting_actor,False,arthur o'connell
1025,1959,supporting_actor,False,george c. scott
1026,1959,supporting_actor,False,robert vaughn
1027,1959,supporting_actor,False,ed wynn
1028,1960,supporting_actor,False,peter falk
1029,1960,supporting_actor,False,jack kruschen
1030,1960,supporting_actor,False,sal mineo
1031,1960,supporting_actor,True,peter ustinov
1032,1960,supporting_actor,False,chill wills
1033,1961,supporting_actor,True,george chakiris
1034,1961,supporting_actor,False,montgomery clift
1035,1961,supporting_actor,False,peter falk
1036,1961,supporting_actor,False,jackie gleason
1037,1961,supporting_actor,False,george c. scott
1038,1962,supporting_actor,True,ed begley
1039,1962,supporting_actor,False,victor buono
1040,1962,supporting_actor,False,telly savalas
1041,1962,supporting_actor,False,omar sharif
1042,1962,supporting_actor,False,terence stamp
1043,1963,supporting_actor,False,nick adams
1044,1963,supporting_actor,False,bobby darin
1045,1963,supporting_actor,True,melvyn douglas
1046,1963,supporting_actor,False,hugh griffith
1047,1963,supporting_actor,False,john huston
1048,1964,supporting_actor,False,john gielgud
1049,1964,supporting_actor,False,stanley holloway
1050,1964,supporting_actor,False,edmond o'brien
1051,1964,supporting_actor,False,lee tracy
1052,1964,supporting_actor,True,peter ustinov
1053,1965,supporting_actor,True,martin balsam
1054,1965,supporting_actor,False,ian bannen
1055,1965,supporting_actor,False,tom courtenay
1056,1965,supporting_actor,False,michael dunn
1057,1965,supporting_actor,False,frank finlay
1058,1966,supporting_actor,False,mako
1059,1966,supporting_actor,False,james mason
1060,1966,supporting_actor,True,walter matthau
1061,1966,supporting_actor,False,george segal
1062,1966,supporting_actor,False,robert shaw
1063,1967,supporting_actor,False,john cassavetes
1064,1967,supporting_actor,False,gene hackman
1065,1967,supporting_actor,False,cecil kellaway
1066,1967,supporting_actor,True,george kennedy
1067,1967,supporting_actor,False,michael j. pollard
1068,1968,supporting_actor,True,jack albertson
1069,1968,supporting_actor,False,seymour cassel
1070,1968,supporting_actor,False,daniel massey
1071,1968,supporting_actor,False,jack wild
1072,1968,supporting_actor,False,gene wilder
1073,1969,supporting_actor,False,rupert crosse
1074,1969,supporting_actor,False,elliott gould
1075,1969,supporting_actor,False,jack nicholson
1076,1969,supporting_actor,False,anthony quayle
1077,1969,supporting_actor,True,gig young
1078,1970,supporting_actor,False,richard castellano
1079,1970,supporting_actor,False,chief dan george
1080,1970,supporting_actor,False,gene hackman
1081,1970,supporting_actor,False,john marley
1082,1970,supporting_actor,True,john mills
1083,1971,supporting_actor,False,jeff bridges
1084,1971,supporting_actor,False,leonard frey
1085,1971,supporting_actor,False,richard jaeckel
1086,1971,supporting_actor,True,ben johnson
1087,1971,supporting_actor,False,roy scheider
1088,1972,supporting_actor,False,eddie albert
1089,1972,supporting_actor,False,james caan
1090,1972,supporting_actor,False,robert duvall
1091,1972,supporting_actor,True,joel grey
1092,1972,supporting_actor,False,al pacino
1093,1973,supporting_actor,False,vincent gardenia
1094,1973,supporting_actor,False,jack gilford
1095,1973,supporting_actor,True,john houseman
1096,1973,supporting_actor,False,jason miller
1097,1973,supporting_actor,False,randy quaid
1098,1974,supporting_actor,False,fred astaire
1099,1974,supporting_actor,False,jeff bridges
1100,1974,supporting_actor,True,robert de niro
1101,1974,supporting_actor,False,michael v. gazzo
1102,1974,supporting_actor,False,lee strasberg
1103,1975,supporting_actor,True,george burns
1104,1975,supporting_actor,False,brad dourif
1105,1975,supporting_actor,False,burgess meredith
1106,1975,supporting_actor,False,chris sarandon
1107,1975,supporting_actor,False,jack warden
1108,1976,supporting_actor,False,ned beatty
1109,1976,supporting_actor,False,burgess meredith
1110,1976,supporting_actor,False,laurence olivier
1111,1976,supporting_actor,True,jason robards
1112,1976,supporting_actor,False,burt young
1113,1977,supporting_actor,False,mikhail baryshnikov
1114,1977,supporting_actor,False,peter firth
1115,1977,supporting_actor,False,alec guinness
1116,1977,supporting_actor,True,jason robards
1117,1977,supporting_actor,False,maximilian schell
1118,1978,supporting_actor,False,bruce dern
1119,1978,supporting_actor,False,richard farnsworth
1120,1978,supporting_actor,False,john hurt
1121,1978,supporting_actor,True,christopher walken
1122,1978,supporting_actor,False,jack warden
1123,1979,supporting_actor,True,melvyn douglas
1124,1979,supporting_actor,False,robert duvall
1125,1979,supporting_actor,False,frederic forrest
1126,1979,supporting_actor,False,justin henry
1127,1979,supporting_actor,False,mickey rooney
1128,1980,supporting_actor,False,judd hirsch
1129,1980,supporting_actor,True,timothy hutton
1130,1980,supporting_actor,False,michael o'keefe
1131,1980,supporting_actor,False,joe pesci
1132,1980,supporting_actor,False,jason robards
1133,1981,supporting_actor,False,james coco
1134,1981,supporting_actor,True,john gielgud
1135,1981,supporting_actor,False,ian holm
1136,1981,supporting_actor,False,jack nicholson
1137,1981,supporting_actor,False,"howard e. rollins, jr."
1138,1982,supporting_actor,False,charles durning
1139,1982,supporting_actor,True,"louis gossett, jr."
1140,1982,supporting_actor,False,john lithgow
1141,1982,supporting_actor,False,james mason
1142,1982,supporting_actor,False,robert preston
1143,1983,supporting_actor,False,charles durning
1144,1983,supporting_actor,False,john lithgow
1145,1983,supporting_actor,True,jack nicholson
1146,1983,supporting_actor,False,sam shepard
1147,1983,supporting_actor,False,rip torn
1148,1984,supporting_actor,False,adolph caesar
1149,1984,supporting_actor,False,john malkovich
1150,1984,supporting_actor,False,noriyuki 'pat' morita
1151,1984,supporting_actor,True,haing s. ngor
1152,1984,supporting_actor,False,ralph richardson
1153,1985,supporting_actor,True,don ameche
1154,1985,supporting_actor,False,klaus maria brandauer
1155,1985,supporting_actor,False,william hickey
1156,1985,supporting_actor,False,robert loggia
1157,1985,supporting_actor,False,eric roberts
1158,1986,supporting_actor,False,tom berenger
1159,1986,supporting_actor,True,michael caine
1160,1986,supporting_actor,False,willem dafoe
1161,1986,supporting_actor,False,denholm elliott
1162,1986,supporting_actor,False,dennis hopper
1163,1987,supporting_actor,False,albert brooks
1164,1987,supporting_actor,True,sean connery
1165,1987,supporting_actor,False,morgan freeman
1166,1987,supporting_actor,False,vincent gardenia
1167,1987,supporting_actor,False,denzel washington
1168,1988,supporting_actor,False,alec guinness
1169,1988,supporting_actor,True,kevin kline
1170,1988,supporting_actor,False,martin landau
1171,1988,supporting_actor,False,river phoenix
1172,1988,supporting_actor,False,dean stockwell
1173,1989,supporting_actor,False,danny aiello
1174,1989,supporting_actor,False,dan aykroyd
1175,1989,supporting_actor,False,marlon brando
1176,1989,supporting_actor,False,martin landau
1177,1989,supporting_actor,True,denzel washington
1178,1990,supporting_actor,False,bruce davison
1179,1990,supporting_actor,False,andy garcia
1180,1990,supporting_actor,False,graham greene
1181,1990,supporting_actor,False,al pacino
1182,1990,supporting_actor,True,joe pesci
1183,1991,supporting_actor,False,tommy lee jones
1184,1991,supporting_actor,False,harvey keitel
1185,1991,supporting_actor,False,ben kingsley
1186,1991,supporting_actor,False,michael lerner
1187,1991,supporting_actor,True,jack palance
1188,1992,supporting_actor,False,jaye davidson
1189,1992,supporting_actor,True,gene hackman
1190,1992,supporting_actor,False,jack nicholson
1191,1992,supporting_actor,False,al pacino
1192,1992,supporting_actor,False,david paymer
1193,1993,supporting_actor,False,leonardo dicaprio
1194,1993,supporting_actor,False,ralph fiennes
1195,1993,supporting_actor,True,tommy lee jones
1196,1993,supporting_actor,False,john malkovich
1197,1993,supporting_actor,False,pete postlethwaite
1198,1994,supporting_actor,False,samuel l. jackson
1199,1994,supporting_actor,True,martin landau
1200,1994,supporting_actor,False,chazz palminteri
1201,1994,supporting_actor,False,paul scofield
1202,1994,supporting_actor,False,gary sinise
1203,1995,supporting_actor,False,james cromwell
1204,1995,supporting_actor,False,ed harris
1205,1995,supporting_actor,False,brad pitt
1206,1995,supporting_actor,False,tim roth
1207,1995,supporting_actor,True,kevin spacey
1208,1996,supporting_actor,True,"cuba gooding, jr."
1209,1996,supporting_actor,False,william h. macy
1210,1996,supporting_actor,False,armin mueller-stahl
1211,1996,supporting_actor,False,edward norton
1212,1996,supporting_actor,False,james woods
1213,1997,supporting_actor,False,robert forster
1214,1997,supporting_actor,False,anthony hopkins
1215,1997,supporting_actor,False,greg kinnear
1216,1997,supporting_actor,False,burt reynolds
1217,1997,supporting_actor,True,robin williams
1218,1998,supporting_actor,True,james coburn
1219,1998,supporting_actor,False,robert duvall
1220,1998,supporting_actor,False,ed harris
1221,1998,supporting_actor,False,geoffrey rush
1222,1998,supporting_actor,False,billy bob thornton
1223,1999,supporting_actor,True,michael caine
1224,1999,supporting_actor,False,tom cruise
1225,1999,supporting_actor,False,michael clarke duncan
1226,1999,supporting_actor,False,jude law
1227,1999,supporting_actor,False,haley joel osment
1228,2000,supporting_actor,False,jeff bridges
1229,2000,supporting_actor,False,willem dafoe
1230,2000,supporting_actor,True,benicio del toro
1231,2000,supporting_actor,False,albert finney
1232,2000,supporting_actor,False,joaquin phoenix
1233,2001,supporting_actor,True,jim broadbent
1234,2001,supporting_actor,False,ethan hawke
1235,2001,supporting_actor,False,ben kingsley
1236,2001,supporting_actor,False,ian mckellen
1237,2001,supporting_actor,False,jon voight
1238,2002,supporting_actor,True,chris cooper
1239,2002,supporting_actor,False,ed harris
1240,2002,supporting_actor,False,paul newman
1241,2002,supporting_actor,False,john c. reilly
1242,2002,supporting_actor,False,christopher walken
1243,2003,supporting_actor,False,alec baldwin
1244,2003,supporting_actor,False,benicio del toro
1245,2003,supporting_actor,False,djimon hounsou
1246,2003,supporting_actor,True,tim robbins
1247,2003,supporting_actor,False,ken watanabe
1248,2004,supporting_actor,False,alan alda
1249,2004,supporting_actor,False,thomas haden church
1250,2004,supporting_actor,False,jamie foxx
1251,2004,supporting_actor,True,morgan freeman
1252,2004,supporting_actor,False,clive owen
1253,2005,supporting_actor,True,george clooney
1254,2005,supporting_actor,False,matt dillon
1255,2005,supporting_actor,False,paul giamatti
1256,2005,supporting_actor,False,jake gyllenhaal
1257,2005,supporting_actor,False,william hurt
1258,2006,supporting_actor,True,alan arkin
1259,2006,supporting_actor,False,jackie earle haley
1260,2006,supporting_actor,False,djimon hounsou
1261,2006,supporting_actor,False,eddie murphy
1262,2006,supporting_actor,False,mark wahlberg
1263,2007,supporting_actor,False,casey affleck
1264,2007,supporting_actor,True,javier bardem
1265,2007,supporting_actor,False,philip seymour hoffman
1266,2007,supporting_actor,False,hal holbrook
1267,2007,supporting_actor,False,tom wilkinson
1268,2008,supporting_actor,False,josh brolin
1269,2008,supporting_actor,False,robert downey jr.
1270,2008,supporting_actor,False,philip seymour hoffman
1271,2008,supporting_actor,True,heath ledger
1272,2008,supporting_actor,False,michael shannon
1273,2009,supporting_actor,False,matt damon
1274,2009,supporting_actor,False,woody harrelson
1275,2009,supporting_actor,False,christopher plummer
1276,2009,supporting_actor,False,stanley tucci
1277,2009,supporting_actor,True,christoph waltz
1278,2010,supporting_actor,True,christian bale
1279,2010,supporting_actor,False,john hawkes
1280,2010,supporting_actor,False,jeremy renner
1281,2010,supporting_actor,False,mark ruffalo
1282,2010,supporting_actor,False,geoffrey rush
1283,2011,supporting_actor,False,kenneth branagh
1284,2011,supporting_actor,False,jonah hill
1285,2011,supporting_actor,False,nick nolte
1286,2011,supporting_actor,True,christopher plummer
1287,2011,supporting_actor,False,max von sydow
1288,2012,supporting_actor,False,alan arkin
1289,2012,supporting_actor,False,robert de niro
1290,2012,supporting_actor,False,philip seymour hoffman
1291,2012,supporting_actor,False,tommy lee jones
1292,2012,supporting_actor,True,christoph waltz
1293,2013,supporting_actor,False,barkhad abdi
1294,2013,supporting_actor,False,bradley cooper
1295,2013,supporting_actor,False,michael fassbender
1296,2013,supporting_actor,False,jonah hill
1297,2013,supporting_actor,True,jared leto
1298,2014,supporting_actor,False,robert duvall
1299,2014,supporting_actor,False,ethan hawke
1300,2014,supporting_actor,False,edward norton
1301,2014,supporting_actor,False,mark ruffalo
1302,2014,supporting_actor,True,j.k. simmons
1303,2015,supporting_actor,False,christian bale
1304,2015,supporting_actor,False,tom hardy
1305,2015,supporting_actor,False,mark ruffalo
1306,2015,supporting_actor,True,mark rylance
1307,2015,supporting_actor,False,sylvester stallone
1308,2016,supporting_actor,True,mahershala ali
1309,2016,supporting_actor,False,jeff bridges
1310,2016,supporting_actor,False,lucas hedges
1311,2016,supporting_actor,False,dev patel
1312,2016,supporting_actor,False,michael shannon
1313,2017,supporting_actor,False,willem dafoe
1314,2017,supporting_actor,False,woody harrelson
1315,2017,supporting_actor,False,richard jenkins
1316,2017,supporting_actor,False,christopher plummer
1317,2017,supporting_actor,True,sam rockwell
1318,1936,supporting_actress,False,beulah bondi
1319,1936,supporting_actress,False,alice brady
1320,1936,supporting_actress,False,bonita granville
1321,1936,supporting_actress,False,maria ouspenskaya
1322,1936,supporting_actress,True,gale sondergaard
1323,1937,supporting_actress,True,alice brady
1324,1937,supporting_actress,False,andrea leeds
1325,1937,supporting_actress,False,anne shirley
1326,1937,supporting_actress,False,claire trevor
1327,1937,supporting_actress,False,dame may whitty
1328,1938,supporting_actress,True,fay bainter
1329,1938,supporting_actress,False,beulah bondi
1330,1938,supporting_actress,False,billie burke
1331,1938,supporting_actress,False,spring byington
1332,1938,supporting_actress,False,miliza korjus
1333,1939,supporting_actress,False,olivia de havilland
1334,1939,supporting_actress,False,geraldine fitzgerald
1335,1939,supporting_actress,True,hattie mcdaniel
1336,1939,supporting_actress,False,edna may oliver
1337,1939,supporting_actress,False,maria ouspenskaya
1338,1940,supporting_actress,False,judith anderson
1339,1940,supporting_actress,True,jane darwell
1340,1940,supporting_actress,False,ruth hussey
1341,1940,supporting_actress,False,barbara o'neil
1342,1940,supporting_actress,False,marjorie rambeau
1343,1941,supporting_actress,False,sara allgood
1344,1941,supporting_actress,True,mary astor
1345,1941,supporting_actress,False,patricia collinge
1346,1941,supporting_actress,False,teresa wright
1347,1941,supporting_actress,False,margaret wycherly
1348,1942,supporting_actress,False,gladys cooper
1349,1942,supporting_actress,False,agnes moorehead
1350,1942,supporting_actress,False,susan peters
1351,1942,supporting_actress,False,dame may whitty
1352,1942,supporting_actress,True,teresa wright
1353,1943,supporting_actress,False,gladys cooper
1354,1943,supporting_actress,False,paulette goddard
1355,1943,supporting_actress,True,katina paxinou
1356,1943,supporting_actress,False,anne revere
1357,1943,supporting_actress,False,lucile watson
1358,1944,supporting_actress,True,ethel barrymore
1359,1944,supporting_actress,False,jennifer jones
1360,1944,supporting_actress,False,angela lansbury
1361,1944,supporting_actress,False,aline macmahon
1362,1944,supporting_actress,False,agnes moorehead
1363,1945,supporting_actress,False,eve arden
1364,1945,supporting_actress,False,ann blyth
1365,1945,supporting_actress,False,angela lansbury
1366,1945,supporting_actress,False,joan lorring
1367,1945,supporting_actress,True,anne revere
1368,1946,supporting_actress,False,ethel barrymore
1369,1946,supporting_actress,True,anne baxter
1370,1946,supporting_actress,False,lillian gish
1371,1946,supporting_actress,False,flora robson
1372,1946,supporting_actress,False,gale sondergaard
1373,1947,supporting_actress,False,ethel barrymore
1374,1947,supporting_actress,False,gloria grahame
1375,1947,supporting_actress,True,celeste holm
1376,1947,supporting_actress,False,marjorie main
1377,1947,supporting_actress,False,anne revere
1378,1948,supporting_actress,False,barbara bel geddes
1379,1948,supporting_actress,False,ellen corby
1380,1948,supporting_actress,False,agnes moorehead
1381,1948,supporting_actress,False,jean simmons
1382,1948,supporting_actress,True,claire trevor
1383,1949,supporting_actress,False,ethel barrymore
1384,1949,supporting_actress,False,celeste holm
1385,1949,supporting_actress,False,elsa lanchester
1386,1949,supporting_actress,True,mercedes mccambridge
1387,1949,supporting_actress,False,ethel waters
1388,1950,supporting_actress,False,hope emerson
1389,1950,supporting_actress,False,celeste holm
1390,1950,supporting_actress,True,josephine hull
1391,1950,supporting_actress,False,nancy olson
1392,1950,supporting_actress,False,thelma ritter
1393,1951,supporting_actress,False,joan blondell
1394,1951,supporting_actress,False,mildred dunnock
1395,1951,supporting_actress,False,lee grant
1396,1951,supporting_actress,True,kim hunter
1397,1951,supporting_actress,False,thelma ritter
1398,1952,supporting_actress,True,gloria grahame
1399,1952,supporting_actress,False,jean hagen
1400,1952,supporting_actress,False,colette marchand
1401,1952,supporting_actress,False,terry moore
1402,1952,supporting_actress,False,thelma ritter
1403,1953,supporting_actress,False,grace kelly
1404,1953,supporting_actress,False,geraldine page
1405,1953,supporting_actress,False,marjorie rambeau
1406,1953,supporting_actress,True,donna reed
1407,1953,supporting_actress,False,thelma ritter
1408,1954,supporting_actress,False,nina foch
1409,1954,supporting_actress,False,katy jurado
1410,1954,supporting_actress,True,eva marie saint
1411,1954,supporting_actress,False,jan sterling
1412,1954,supporting_actress,False,claire trevor
1413,1955,supporting_actress,False,betsy blair
1414,1955,supporting_actress,False,peggy lee
1415,1955,supporting_actress,False,marisa pavan
1416,1955,supporting_actress,True,jo van fleet
1417,1955,supporting_actress,False,natalie wood
1418,1956,supporting_actress,False,mildred dunnock
1419,1956,supporting_actress,False,eileen heckart
1420,1956,supporting_actress,False,mercedes mccambridge
1421,1956,supporting_actress,False,patty mccormack
1422,1956,supporting_actress,True,dorothy malone
1423,1957,supporting_actress,False,carolyn jones
1424,1957,supporting_actress,False,elsa lanchester
1425,1957,supporting_actress,False,hope lange
1426,1957,supporting_actress,True,miyoshi umeki
1427,1957,supporting_actress,False,diane varsi
1428,1958,supporting_actress,False,peggy cass
1429,1958,supporting_actress,True,wendy hiller
1430,1958,supporting_actress,False,martha hyer
1431,1958,supporting_actress,False,maureen stapleton
1432,1958,supporting_actress,False,cara williams
1433,1959,supporting_actress,False,hermione baddeley
1434,1959,supporting_actress,False,susan kohner
1435,1959,supporting_actress,False,juanita moore
1436,1959,supporting_actress,False,thelma ritter
1437,1959,supporting_actress,True,shelley winters
1438,1960,supporting_actress,False,glynis johns
1439,1960,supporting_actress,True,shirley jones
1440,1960,supporting_actress,False,shirley knight
1441,1960,supporting_actress,False,janet leigh
1442,1960,supporting_actress,False,mary ure
1443,1961,supporting_actress,False,fay bainter
1444,1961,supporting_actress,False,judy garland
1445,1961,supporting_actress,False,lotte lenya
1446,1961,supporting_actress,False,una merkel
1447,1961,supporting_actress,True,rita moreno
1448,1962,supporting_actress,False,mary badham
1449,1962,supporting_actress,True,patty duke
1450,1962,supporting_actress,False,shirley knight
1451,1962,supporting_actress,False,angela lansbury
1452,1962,supporting_actress,False,thelma ritter
1453,1963,supporting_actress,False,diane cilento
1454,1963,supporting_actress,False,dame edith evans
1455,1963,supporting_actress,False,joyce redman
1456,1963,supporting_actress,True,margaret rutherford
1457,1963,supporting_actress,False,lilia skala
1458,1964,supporting_actress,False,gladys cooper
1459,1964,supporting_actress,False,dame edith evans
1460,1964,supporting_actress,False,grayson hall
1461,1964,supporting_actress,True,lila kedrova
1462,1964,supporting_actress,False,agnes moorehead
1463,1965,supporting_actress,False,ruth gordon
1464,1965,supporting_actress,False,joyce redman
1465,1965,supporting_actress,False,maggie smith
1466,1965,supporting_actress,True,shelley winters
1467,1965,supporting_actress,False,peggy wood
1468,1966,supporting_actress,True,sandy dennis
1469,1966,supporting_actress,False,wendy hiller
1470,1966,supporting_actress,False,jocelyne lagarde
1471,1966,supporting_actress,False,vivien merchant
1472,1966,supporting_actress,False,geraldine page
1473,1967,supporting_actress,False,carol channing
1474,1967,supporting_actress,False,mildred natwick
1475,1967,supporting_actress,True,estelle parsons
1476,1967,supporting_actress,False,beah richards
1477,1967,supporting_actress,False,katharine ross
1478,1968,supporting_actress,False,lynn carlin
1479,1968,supporting_actress,True,ruth gordon
1480,1968,supporting_actress,False,sondra locke
1481,1968,supporting_actress,False,kay medford
1482,1968,supporting_actress,False,estelle parsons
1483,1969,supporting_actress,False,catherine burns
1484,1969,supporting_actress,False,dyan cannon
1485,1969,supporting_actress,True,goldie hawn
1486,1969,supporting_actress,False,sylvia miles
1487,1969,supporting_actress,False,susannah york
1488,1970,supporting_actress,False,karen black
1489,1970,supporting_actress,False,lee grant
1490,1970,supporting_actress,True,helen hayes
1491,1970,supporting_actress,False,sally kellerman
1492,1970,supporting_actress,False,maureen stapleton
1493,1971,supporting_actress,False,ann-margret
1494,1971,supporting_actress,False,ellen burstyn
1495,1971,supporting_actress,False,barbara harris
1496,1971,supporting_actress,True,cloris leachman
1497,1971,supporting_actress,False,margaret leighton
1498,1972,supporting_actress,False,jeannie berlin
1499,1972,supporting_actress,True,eileen heckart
1500,1972,supporting_actress,False,geraldine page
1501,1972,supporting_actress,False,susan tyrrell
1502,1972,supporting_actress,False,shelley winters
1503,1973,supporting_actress,False,linda blair
1504,1973,supporting_actress,False,candy clark
1505,1973,supporting_actress,False,madeline kahn
1506,1973,supporting_actress,True,tatum o'neal
1507,1973,supporting_actress,False,sylvia sidney
1508,1974,supporting_actress,True,ingrid bergman
1509,1974,supporting_actress,False,valentina cortese
1510,1974,supporting_actress,False,madeline kahn
1511,1974,supporting_actress,False,diane ladd
1512,1974,supporting_actress,False,talia shire
1513,1975,supporting_actress,False,ronee blakley
1514,1975,supporting_actress,True,lee grant
1515,1975,supporting_actress,False,sylvia miles
1516,1975,supporting_actress,False,lily tomlin
1517,1975,supporting_actress,False,brenda vaccaro
1518,1976,supporting_actress,False,jane alexander
1519,1976,supporting_actress,False,jodie foster
1520,1976,supporting_actress,False,lee grant
1521,1976,supporting_actress,False,piper laurie
1522,1976,supporting_actress,True,beatrice straight
1523,1977,supporting_actress,False,leslie browne
1524,1977,supporting_actress,False,quinn cummings
1525,1977,supporting_actress,False,melinda dillon
1526,1977,supporting_actress,True,vanessa redgrave
1527,1977,supporting_actress,False,tuesday weld
1528,1978,supporting_actress,False,dyan cannon
1529,1978,supporting_actress,False,penelope milford
1530,1978,supporting_actress,True,maggie smith
1531,1978,supporting_actress,False,maureen stapleton
1532,1978,supporting_actress,False,meryl streep
1533,1979,supporting_actress,False,jane alexander
1534,1979,supporting_actress,False,barbara barrie
1535,1979,supporting_actress,False,candice bergen
1536,1979,supporting_actress,False,mariel hemingway
1537,1979,supporting_actress,True,meryl streep
1538,1980,supporting_actress,False,eileen brennan
1539,1980,supporting_actress,False,eva le gallienne
1540,1980,supporting_actress,False,cathy moriarty
1541,1980,supporting_actress,False,diana scarwid
1542,1980,supporting_actress,True,mary steenburgen
1543,1981,supporting_actress,False,melinda dillon
1544,1981,supporting_actress,False,jane fonda
1545,1981,supporting_actress,False,joan hackett
1546,1981,supporting_actress,False,elizabeth mcgovern
1547,1981,supporting_actress,True,maureen stapleton
1548,1982,supporting_actress,False,glenn close
1549,1982,supporting_actress,False,teri garr
1550,1982,supporting_actress,True,jessica lange
1551,1982,supporting_actress,False,kim stanley
1552,1982,supporting_actress,False,lesley ann warren
1553,1983,supporting_actress,False,cher
1554,1983,supporting_actress,False,glenn close
1555,1983,supporting_actress,True,linda hunt
1556,1983,supporting_actress,False,amy irving
1557,1983,supporting_actress,False,alfre woodard
1558,1984,supporting_actress,True,peggy ashcroft
1559,1984,supporting_actress,False,glenn close
1560,1984,supporting_actress,False,lindsay crouse
1561,1984,supporting_actress,False,christine lahti
1562,1984,supporting_actress,False,geraldine page
1563,1985,supporting_actress,False,margaret avery
1564,1985,supporting_actress,True,anjelica huston
1565,1985,supporting_actress,False,amy madigan
1566,1985,supporting_actress,False,meg tilly
1567,1985,supporting_actress,False,oprah winfrey
1568,1986,supporting_actress,False,tess harper
1569,1986,supporting_actress,False,piper laurie
1570,1986,supporting_actress,False,mary elizabeth mastrantonio
1571,1986,supporting_actress,False,maggie smith
1572,1986,supporting_actress,True,dianne wiest
1573,1987,supporting_actress,False,norma aleandro
1574,1987,supporting_actress,False,anne archer
1575,1987,supporting_actress,True,olympia dukakis
1576,1987,supporting_actress,False,anne ramsey
1577,1987,supporting_actress,False,ann sothern
1578,1988,supporting_actress,False,joan cusack
1579,1988,supporting_actress,True,geena davis
1580,1988,supporting_actress,False,frances mcdormand
1581,1988,supporting_actress,False,michelle pfeiffer
1582,1988,supporting_actress,False,sigourney weaver
1583,1989,supporting_actress,True,brenda fricker
1584,1989,supporting_actress,False,anjelica huston
1585,1989,supporting_actress,False,lena olin
1586,1989,supporting_actress,False,julia roberts
1587,1989,supporting_actress,False,dianne wiest
1588,1990,supporting_actress,False,annette bening
1589,1990,supporting_actress,False,lorraine bracco
1590,1990,supporting_actress,True,whoopi goldberg
1591,1990,supporting_actress,False,diane ladd
1592,1990,supporting_actress,False,mary mcdonnell
1593,1991,supporting_actress,False,diane ladd
1594,1991,supporting_actress,False,juliette lewis
1595,1991,supporting_actress,False,kate nelligan
1596,1991,supporting_actress,True,mercedes ruehl
1597,1991,supporting_actress,False,jessica tandy
1598,1992,supporting_actress,False,judy davis
1599,1992,supporting_actress,False,joan plowright
1600,1992,supporting_actress,False,vanessa redgrave
1601,1992,supporting_actress,False,miranda richardson
1602,1992,supporting_actress,True,marisa tomei
1603,1993,supporting_actress,False,holly hunter
1604,1993,supporting_actress,True,anna paquin
1605,1993,supporting_actress,False,rosie perez
1606,1993,supporting_actress,False,winona ryder
1607,1993,supporting_actress,False,emma thompson
1608,1994,supporting_actress,False,rosemary harris
1609,1994,supporting_actress,False,helen mirren
1610,1994,supporting_actress,False,uma thurman
1611,1994,supporting_actress,False,jennifer tilly
1612,1994,supporting_actress,True,dianne wiest
1613,1995,supporting_actress,False,joan allen
1614,1995,supporting_actress,False,kathleen quinlan
1615,1995,supporting_actress,True,mira sorvino
1616,1995,supporting_actress,False,mare winningham
1617,1995,supporting_actress,False,kate winslet
1618,1996,supporting_actress,False,joan allen
1619,1996,supporting_actress,False,lauren bacall
1620,1996,supporting_actress,True,juliette binoche
1621,1996,supporting_actress,False,barbara hershey
1622,1996,supporting_actress,False,marianne jean-baptiste
1623,1997,supporting_actress,True,kim basinger
1624,1997,supporting_actress,False,joan cusack
1625,1997,supporting_actress,False,minnie driver
1626,1997,supporting_actress,False,julianne moore
1627,1997,supporting_actress,False,gloria stuart
1628,1998,supporting_actress,False,kathy bates
1629,1998,supporting_actress,False,brenda blethyn
1630,1998,supporting_actress,True,judi dench
1631,1998,supporting_actress,False,rachel griffiths
1632,1998,supporting_actress,False,lynn redgrave
1633,1999,supporting_actress,False,toni collette
1634,1999,supporting_actress,True,angelina jolie
1635,1999,supporting_actress,False,catherine keener
1636,1999,supporting_actress,False,samantha morton
1637,1999,supporting_actress,False,chloë sevigny
1638,2000,supporting_actress,False,judi dench
1639,2000,supporting_actress,True,marcia gay harden
1640,2000,supporting_actress,False,kate hudson
1641,2000,supporting_actress,False,frances mcdormand
1642,2000,supporting_actress,False,julie walters
1643,2001,supporting_actress,True,jennifer connelly
1644,2001,supporting_actress,False,helen mirren
1645,2001,supporting_actress,False,maggie smith
1646,2001,supporting_actress,False,marisa tomei
1647,2001,supporting_actress,False,kate winslet
1648,2002,supporting_actress,False,kathy bates
1649,2002,supporting_actress,False,julianne moore
1650,2002,supporting_actress,False,queen latifah
1651,2002,supporting_actress,False,meryl streep
1652,2002,supporting_actress,True,catherine zeta-jones
1653,2003,supporting_actress,False,shohreh aghdashloo
1654,2003,supporting_actress,False,patricia clarkson
1655,2003,supporting_actress,False,marcia gay harden
1656,2003,supporting_actress,False,holly hunter
1657,2003,supporting_actress,True,renée zellweger
1658,2004,supporting_actress,True,cate blanchett
1659,2004,supporting_actress,False,laura linney
1660,2004,supporting_actress,False,virginia madsen
1661,2004,supporting_actress,False,sophie okonedo
1662,2004,supporting_actress,False,natalie portman
1663,2005,supporting_actress,False,amy adams
1664,2005,supporting_actress,False,catherine keener
1665,2005,supporting_actress,False,frances mcdormand
1666,2005,supporting_actress,True,rachel weisz
1667,2005,supporting_actress,False,michelle williams
1668,2006,supporting_actress,False,adriana barraza
1669,2006,supporting_actress,False,cate blanchett
1670,2006,supporting_actress,False,abigail breslin
1671,2006,supporting_actress,True,jennifer hudson
1672,2006,supporting_actress,False,rinko kikuchi
1673,2007,supporting_actress,False,cate blanchett
1674,2007,supporting_actress,False,ruby dee
1675,2007,supporting_actress,False,saoirse ronan
1676,2007,supporting_actress,False,amy ryan
1677,2007,supporting_actress,True,tilda swinton
1678,2008,supporting_actress,False,amy adams
1679,2008,supporting_actress,True,penélope cruz
1680,2008,supporting_actress,False,viola davis
1681,2008,supporting_actress,False,taraji p. henson
1682,2008,supporting_actress,False,marisa tomei
1683,2009,supporting_actress,False,penélope cruz
1684,2009,supporting_actress,False,vera farmiga
1685,2009,supporting_actress,False,maggie gyllenhaal
1686,2009,supporting_actress,False,anna kendrick
1687,2009,supporting_actress,True,mo'nique
1688,2010,supporting_actress,False,amy adams
1689,2010,supporting_actress,False,helena bonham carter
1690,2010,supporting_actress,True,melissa leo
1691,2010,supporting_actress,False,hailee steinfeld
1692,2010,supporting_actress,False,jacki weaver
1693,2011,supporting_actress,False,bérénice bejo
1694,2011,supporting_actress,False,jessica chastain
1695,2011,supporting_actress,False,melissa mccarthy
1696,2011,supporting_actress,False,janet mcteer
1697,2011,supporting_actress,True,octavia spencer
1698,2012,supporting_actress,False,amy adams
1699,2012,supporting_actress,False,sally field
1700,2012,supporting_actress,True,anne hathaway
1701,2012,supporting_actress,False,helen hunt
1702,2012,supporting_actress,False,jacki weaver
1703,2013,supporting_actress,False,sally hawkins
1704,2013,supporting_actress,False,jennifer lawrence
1705,2013,supporting_actress,True,lupita nyong'o
1706,2013,supporting_actress,False,julia roberts
1707,2013,supporting_actress,False,june squibb
1708,2014,supporting_actress,True,patricia arquette
1709,2014,supporting_actress,False,laura dern
1710,2014,supporting_actress,False,keira knightley
1711,2014,supporting_actress,False,emma stone
1712,2014,supporting_actress,False,meryl streep
1713,2015,supporting_actress,False,jennifer jason leigh
1714,2015,supporting_actress,False,rooney mara
1715,2015,supporting_actress,False,rachel mcadams
1716,2015,supporting_actress,True,alicia vikander
1717,2015,supporting_actress,False,kate winslet
1718,2016,supporting_actress,True,viola davis
1719,2016,supporting_actress,False,naomie harris
1720,2016,supporting_actress,False,nicole kidman
1721,2016,supporting_actress,False,octavia spencer
1722,2016,supporting_actress,False,michelle williams
1723,2017,supporting_actress,False,mary j. blige
1724,2017,supporting_actress,True,allison janney
1725,2017,supporting_actress,False,lesley manville
1726,2017,supporting_actress,False,laurie metcalf
1727,2017,supporting_actress,False,octavia spencer
1728,2018,best_picture,True,the shape of water
1729,2018,best_picture,False,call me by your name
1730,2018,best_picture,False,darkest hour
1731,2018,best_picture,False,dunkirk
1732,2018,best_picture,False,get out
1733,2018,best_picture,False,lady bird
1734,2018,best_picture,False,phantom thread
1735,2018,best_picture,False,the post
1736,2018,best_picture,False,"three billbaords outside of ebbing, missouri"
1737,2018,lead_actor,True,gary oldman
1738,2018,lead_actor,False,timothee chalamet
1739,2018,lead_actor,False,daniel day-lewis
1740,2018,lead_actor,False,daniel kaluuya
1741,2018,lead_actor,False,danzel washington
1742,2018,lead_actress,True,frances mcdormand
1743,2018,lead_actress,False,sally hawkins
1744,2018,lead_actress,False,margot robbie
1745,2018,lead_actress,False,saoirse ronan
1746,2018,lead_actress,False,meryl streep
1747,2018,supporting_actor,True,gary oldman
1748,2018,supporting_actor,False,timothee chalamet
1749,2018,supporting_actor,False,daniel day-lewis
1750,2018,supporting_actor,False,daniel kaluuya
1751,2018,supporting_actor,False,danzel washington
1752,2018,supporting_actress,True,frances mcdormand
1753,2018,supporting_actress,False,sally hawkins
1754,2018,supporting_actress,False,margot robbie
1755,2018,supporting_actress,False,saoirse ronan
1756,2018,supporting_actress,False,meryl streep
1757,2019,best_picture,True,green book
1758,2019,best_picture,False,black panther
1759,2019,best_picture,False,blackkklansman
1760,2019,best_picture,False,bohemian rhaspody
1761,2019,best_picture,False,the favourite
1762,2019,best_picture,False,roma
1763,2019,best_picture,False,a star is born
1764,2019,best_picture,False,vice
1765,2019,lead_actor,True,rami malek
1766,2019,lead_actor,False,christian bale
1767,2019,lead_actor,False,bradley cooper
1768,2019,lead_actor,False,willem dafoe
1769,2019,lead_actor,False,viggo mortensen
1770,2019,lead_actress,True,olivia coleman
1771,2019,lead_actress,False,yalitza aparicio
1772,2019,lead_actress,False,glenn close
1773,2019,lead_actress,False,lady gaga
1774,2019,lead_actress,False,melissa mccarthy
1775,2019,supporting_actor,True,mahershala ali
1776,2019,supporting_actor,False,adam driver
1777,2019,supporting_actor,False,sam elliott
1778,2019,supporting_actor,False,richard e. grant
1779,2019,supporting_actor,False,sam rockwell
1780,2019,supporting_actress,True,regina king
1781,2019,supporting_actress,False,amy adams
1782,2019,supporting_actress,False,marina de tavira
1783,2019,supporting_actress,False,emma stone
1784,2019,supporting_actress,False,rachel weisz
1785,2020,best_picture,False,ford v ferrari
1786,2020,best_picture,False,the irishman
1787,2020,best_picture,False,jojo rabbit
1788,2020,best_picture,False,joker
1789,2020,best_picture,False,little woman
1790,2020,best_picture,False,marriage story
1791,2020,best_picture,False,1917
1792,2020,best_picture,False,once upon a time in hollywood
1793,2020,best_picture,False,parasite
1794,2020,lead_actor,False,antonio banderas
1795,2020,lead_actor,False,leonardo dicaprio
1796,2020,lead_actor,False,adam driver
1797,2020,lead_actor,False,joaquin phoenix
1798,2020,lead_actor,False,jonathan pryce
1799,2020,lead_actress,False,cynthia erivo
1800,2020,lead_actress,False,scarlett johansson
1801,2020,lead_actress,False,saoirse ronan
1802,2020,lead_actress,False,charlize theron
1803,2020,lead_actress,False,renee zellweger
1804,2020,supporting_actor,False,tom hanks
1805,2020,supporting_actor,False,anthony hopkins
1806,2020,supporting_actor,False,al pacino
1807,2020,supporting_actor,False,joe pesci
1808,2020,supporting_actor,False,brad pitt
1809,2020,supporting_actress,False,kathy bates
1810,2020,supporting_actress,False,laura dern
1811,2020,supporting_actress,False,scarlett johansson
1812,2020,supporting_actress,False,florence pugh
1813,2020,supporting_actress,False,margot robbie
