,index,category,year,win,entity
0,0,best_picture_cast,2020,True,['Bombshell']
1,1,best_picture_cast,2020,False,['The Irishman']
2,2,best_picture_cast,2020,False,['Jojo Rabbit']
3,3,best_picture_cast,2020,False,['Once Upon a Time...in Hollywood']
4,4,best_picture_cast,2020,False,['Parasite']
5,0,best_actress,2020,True,['Cynthia Erivo']
6,1,best_actress,2020,False,['Scarlett Johansson']
7,2,best_actress,2020,False,"[""Lupita Nyong'o""]"
8,3,best_actress,2020,False,['Charlize Theron']
9,4,best_actress,2020,False,['Renée Zellweger']
10,0,best_actor,2020,True,['Christian Bale']
11,1,best_actor,2020,False,['Leonardo DiCaprio']
12,2,best_actor,2020,False,['Adam Driver']
13,3,best_actor,2020,False,['Taron Egerton']
14,4,best_actor,2020,False,['Joaquin Phoenix']
15,0,support_actress,2020,True,['Laura Dern']
16,1,support_actress,2020,False,['Scarlett Johansson']
17,2,support_actress,2020,False,['Nicole Kidman']
18,3,support_actress,2020,False,['Jennifer Lopez']
19,4,support_actress,2020,False,['Margot Robbie']
20,0,support_actor,2020,True,['Jamie Foxx']
21,1,support_actor,2020,False,['Tom Hanks']
22,2,support_actor,2020,False,['Al Pacino']
23,3,support_actor,2020,False,['Joe Pesci']
24,4,support_actor,2020,False,['Brad Pitt']
0,0,best_picture_cast,2019,True,['Black Panther']
1,1,best_picture_cast,2019,False,['A Star Is Born']
2,2,best_picture_cast,2019,False,['BlacKkKlansman']
3,3,best_picture_cast,2019,False,['Bohemian Rhapsody']
4,4,best_picture_cast,2019,False,['Crazy Rich Asians']
5,0,best_actress,2019,True,['Glenn Close']
6,1,best_actress,2019,False,['Lady Gaga']
7,2,best_actress,2019,False,['Emily Blunt']
8,3,best_actress,2019,False,['Olivia Colman']
9,4,best_actress,2019,False,['Melissa McCarthy']
10,0,best_actor,2019,True,['Rami Malek']
11,1,best_actor,2019,False,['Christian Bale']
12,2,best_actor,2019,False,['Bradley Cooper']
13,3,best_actor,2019,False,['Viggo Mortensen']
14,4,best_actor,2019,False,['John David Washington']
15,0,support_actress,2019,True,['Emily Blunt']
16,1,support_actress,2019,False,['Emma Stone']
17,2,support_actress,2019,False,['Margot Robbie']
18,3,support_actress,2019,False,['Rachel Weisz']
19,4,support_actress,2019,False,['AMY ADAMS']
20,0,support_actor,2019,True,['Mahershala Ali']
21,1,support_actor,2019,False,['TIMOTHÉE CHALAMET ']
22,2,support_actor,2019,False,['Adam Driver']
23,3,support_actor,2019,False,['Sam Elliott']
24,4,support_actor,2019,False,['Richard E. Grant']
0,0,best_picture_cast,2018,True,"['THREE BILLBOARDS OUTSIDE EBBING', ' MISSOURI']"
1,1,best_picture_cast,2018,False,['The Big Sick']
2,2,best_picture_cast,2018,False,['GET OUT']
3,3,best_picture_cast,2018,False,['LADY BIRD']
4,4,best_picture_cast,2018,False,['MUDBOUND']
5,0,best_actress,2018,True,['FRANCES McDORMAND']
6,1,best_actress,2018,False,['JUDI DENCH']
7,2,best_actress,2018,False,['SALLY HAWKINS']
8,3,best_actress,2018,False,['MARGOT ROBBIE']
9,4,best_actress,2018,False,['SAOIRSE RONAN']
10,0,best_actor,2018,True,['GARY OLDMAN']
11,1,best_actor,2018,False,['TIMOTHÉE CHALAMET']
12,2,best_actor,2018,False,['JAMES FRANCO']
13,3,best_actor,2018,False,['DANIEL KALUUYA']
14,4,best_actor,2018,False,['DENZEL WASHINGTON']
15,0,support_actress,2018,True,['ALLISON JANNEY']
16,1,support_actress,2018,False,['MARY J. BLIGE']
17,2,support_actress,2018,False,['HONG CHAU']
18,3,support_actress,2018,False,['HOLLY HUNTER']
19,4,support_actress,2018,False,['LAURIE METCALF']
20,0,support_actor,2018,True,['SAM ROCKWELL']
21,1,support_actor,2018,False,['STEVE CARELL']
22,2,support_actor,2018,False,['WILLEM DAFOE']
23,3,support_actor,2018,False,['WOODY HARRELSON']
24,4,support_actor,2018,False,['RICHARD JENKINS']
0,0,best_picture_cast,2017,True,['Captain Fantastic']
1,1,best_picture_cast,2017,False,['FENCES']
2,2,best_picture_cast,2017,False,['HIDDEN FIGURES']
3,3,best_picture_cast,2017,False,['MANCHESTER BY THE SEA']
4,4,best_picture_cast,2017,False,['MOONLIGHT']
5,0,best_actress,2017,True,['AMY ADAMS']
6,1,best_actress,2017,False,['EMILY BLUNT']
7,2,best_actress,2017,False,['NATALIE PORTMAN']
8,3,best_actress,2017,False,['EMMA STONE']
9,4,best_actress,2017,False,['MERYL STREEP']
10,0,best_actor,2017,True,['CASEY AFFLECK']
11,1,best_actor,2017,False,['ANDREW GARFIELD']
12,2,best_actor,2017,False,['RYAN GOSLING']
13,3,best_actor,2017,False,['VIGGO MORTENSEN']
14,4,best_actor,2017,False,['DENZEL WASHINGTON']
15,0,support_actress,2017,True,['VIOLA DAVIS']
16,1,support_actress,2017,False,['NICOLE KIDMAN']
17,2,support_actress,2017,False,['NAOMIE HARRIS']
18,3,support_actress,2017,False,['OCTAVIA SPENCER']
19,4,support_actress,2017,False,['MICHELLE WILLIAMS']
20,0,support_actor,2017,True,['MAHERSHALA ALI']
21,1,support_actor,2017,False,['JEFF BRIDGES']
22,2,support_actor,2017,False,['HUGH GRANT']
23,3,support_actor,2017,False,['LUCAS HEDGES']
24,4,support_actor,2017,False,['DEV PATEL']
0,0,best_picture_cast,2016,True,[' SPOTLIGHT']
1,1,best_picture_cast,2016,False,['BEASTS OF NO NATION']
2,2,best_picture_cast,2016,False,['The BIG SHORT']
3,3,best_picture_cast,2016,False,['STRAIGHT OUTTA COMPTON']
4,4,best_picture_cast,2016,False,['TRUMBO']
5,0,best_actress,2016,True,['Brie Larson']
6,1,best_actress,2016,False,['Cate Blanchett ']
7,2,best_actress,2016,False,['Helen Mirren']
8,3,best_actress,2016,False,['Saoirse Ronan']
9,4,best_actress,2016,False,['Sarah Silverman']
10,0,best_actor,2016,True,['Leonardo DiCaprio']
11,1,best_actor,2016,False,['BRYAN CRANSTON']
12,2,best_actor,2016,False,['Johnny Depp']
13,3,best_actor,2016,False,['Michael Fassbender']
14,4,best_actor,2016,False,['Eddie Redmayne']
15,0,support_actress,2016,True,['Alicia Vikander']
16,1,support_actress,2016,False,['Rooney Mara']
17,2,support_actress,2016,False,['Rachel McAdams']
18,3,support_actress,2016,False,['Helen Mirren']
19,4,support_actress,2016,False,['Kate Winslet']
20,0,support_actor,2016,True,['Idris Elba']
21,1,support_actor,2016,False,['Christian Bale']
22,2,support_actor,2016,False,['Mark Rylance']
23,3,support_actor,2016,False,['Michael Shannon']
24,4,support_actor,2016,False,['Jacob Tremblay']
0,0,best_picture_cast,2015,True,['BIRDMAN']
1,1,best_picture_cast,2015,False,['BOYHOOD']
2,2,best_picture_cast,2015,False,['THE GRAND BUDAPEST HOTEL ']
3,3,best_picture_cast,2015,False,['THE IMITATION GAME ']
4,4,best_picture_cast,2015,False,['THE THEORY OF EVERYTHING ']
5,0,best_actress,2015,True,['JULIANNE MOORE ']
6,1,best_actress,2015,False,['JENNIFER ANISTON ']
7,2,best_actress,2015,False,['FELICITY JONES ']
8,3,best_actress,2015,False,['ROSAMUND PIKE ']
9,4,best_actress,2015,False,['REESE WITHERSPOON ']
10,0,best_actor,2015,True,['EDDIE REDMAYNE ']
11,1,best_actor,2015,False,['STEVE CARELL ']
12,2,best_actor,2015,False,['BENEDICT CUMBERBATCH ']
13,3,best_actor,2015,False,['JAKE GYLLENHAAL ']
14,4,best_actor,2015,False,['MICHAEL KEATON ']
15,0,support_actress,2015,True,['PATRICIA ARQUETTE ']
16,1,support_actress,2015,False,['KEIRA KNIGHTLEY']
17,2,support_actress,2015,False,['EMMA STONE']
18,3,support_actress,2015,False,['MERYL STREEP ']
19,4,support_actress,2015,False,['NAOMI WATTS ']
20,0,support_actor,2015,True,['J.K. SIMMONS ']
21,1,support_actor,2015,False,['ROBERT DUVALL ']
22,2,support_actor,2015,False,['ETHAN HAWKE ']
23,3,support_actor,2015,False,['EDWARD NORTON']
24,4,support_actor,2015,False,['MARK RUFFALO']
0,0,best_picture_cast,2014,True,['American Hustle']
1,1,best_picture_cast,2014,False,['12 Years a Slave']
2,2,best_picture_cast,2014,False,['August: Osage County']
3,3,best_picture_cast,2014,False,['Dallas Buyers Club']
4,4,best_picture_cast,2014,False,"[""Lee Daniels' The Butler""]"
5,0,best_actress,2014,True,['CATE BLANCHETT ']
6,1,best_actress,2014,False,['MERYL STREEP ']
7,2,best_actress,2014,False,['SANDRA BULLOCK ']
8,3,best_actress,2014,False,['JUDI DENCH ']
9,4,best_actress,2014,False,['EMMA THOMPSON ']
10,0,best_actor,2014,True,['MATTHEW McCONAUGHEY ']
11,1,best_actor,2014,False,['CHIWETEL EJIOFOR ']
12,2,best_actor,2014,False,['TOM HANKS ']
13,3,best_actor,2014,False,['FOREST WHITAKER ']
14,4,best_actor,2014,False,['BRUCE DERN ']
15,0,support_actress,2014,True,['LUPITA NYONG’O ']
16,1,support_actress,2014,False,['JENNIFER LAWRENCE ']
17,2,support_actress,2014,False,['JULIA ROBERTS ']
18,3,support_actress,2014,False,['JUNE SQUIBB ']
19,4,support_actress,2014,False,['OPRAH WINFREY ']
20,0,support_actor,2014,True,['JARED LETO ']
21,1,support_actor,2014,False,['MICHAEL FASSBENDER ']
22,2,support_actor,2014,False,['BARKHAD ABDI ']
23,3,support_actor,2014,False,['JAMES GANDOLFINI ']
24,4,support_actor,2014,False,['DANIEL BRÜHL ']
0,0,best_picture_cast,2013,True,['Argo']
1,1,best_picture_cast,2013,False,['The Best Exotic Marigold Hotel']
2,2,best_picture_cast,2013,False,['Les Misérables']
3,3,best_picture_cast,2013,False,['Lincoln']
4,4,best_picture_cast,2013,False,['Silver Linings Playbook']
5,0,best_actress,2013,True,['Jennifer Lawrence']
6,1,best_actress,2013,False,['Jessica Chastain']
7,2,best_actress,2013,False,['Marion Cotillard']
8,3,best_actress,2013,False,['Helen Mirren']
9,4,best_actress,2013,False,['Naomi Watts']
10,0,best_actor,2013,True,['Daniel Day-Lewis']
11,1,best_actor,2013,False,['Bradley Cooper']
12,2,best_actor,2013,False,['John Hawkes']
13,3,best_actor,2013,False,['Hugh Jackman']
14,4,best_actor,2013,False,['Denzel Washington']
15,0,support_actress,2013,True,['Anne Hathaway']
16,1,support_actress,2013,False,['Sally Field']
17,2,support_actress,2013,False,['Helen Hunt']
18,3,support_actress,2013,False,['Nicole Kidman']
19,4,support_actress,2013,False,['Maggie Smith']
20,0,support_actor,2013,True,['Tommy Lee Jones']
21,1,support_actor,2013,False,['Alan Arkin']
22,2,support_actor,2013,False,['Javier Bardem']
23,3,support_actor,2013,False,['Robert De Niro']
24,4,support_actor,2013,False,['Philip Seymour Hoffman']
0,0,best_picture_cast,2012,True,['The Help']
1,1,best_picture_cast,2012,False,['The Artist']
2,2,best_picture_cast,2012,False,['Bridesmaids']
3,3,best_picture_cast,2012,False,['The Descendants']
4,4,best_picture_cast,2012,False,['Midnight In Paris']
5,0,best_actress,2012,True,['Jean Dujardin']
6,1,best_actress,2012,False,['Demian Bichir']
7,2,best_actress,2012,False,['George Clooney']
8,3,best_actress,2012,False,['Leonardo DiCaprio']
9,4,best_actress,2012,False,['Brad Pitt']
10,0,best_actor,2012,True,['Octavia Spencer']
11,1,best_actor,2012,False,['Bérénice Bejo']
12,2,best_actor,2012,False,['Jessica Chastain']
13,3,best_actor,2012,False,['Melissa McCarthy']
14,4,best_actor,2012,False,['Janet McTeer']
15,0,support_actress,2012,True,['Christopher Plummer']
16,1,support_actress,2012,False,['Kenneth Branagh']
17,2,support_actress,2012,False,['Armie Hammer']
18,3,support_actress,2012,False,['Jonah Hill']
19,4,support_actress,2012,False,['Nick Nolte']
20,0,support_actor,2012,True,
21,1,support_actor,2012,False,
22,2,support_actor,2012,False,
23,3,support_actor,2012,False,
24,4,support_actor,2012,False,
0,0,best_picture_cast,2011,True,"[""The King's Speech""]"
1,1,best_picture_cast,2011,False,['Black Swan']
2,2,best_picture_cast,2011,False,['The Fighter']
3,3,best_picture_cast,2011,False,['The Kids Are All Right']
4,4,best_picture_cast,2011,False,['The Social Network']
5,0,best_actress,2011,True,['Natalie Portman']
6,1,best_actress,2011,False,['Annette Bening']
7,2,best_actress,2011,False,['Nicole Kidman']
8,3,best_actress,2011,False,['Jennifer Lawrence']
9,4,best_actress,2011,False,['Hilary Swank']
10,0,best_actor,2011,True,['Colin Firth']
11,1,best_actor,2011,False,['Jeff Bridges']
12,2,best_actor,2011,False,['Robert Duvall']
13,3,best_actor,2011,False,['Jesse Eisenberg']
14,4,best_actor,2011,False,['James Franco']
15,0,support_actress,2011,True,['Melissa Leo']
16,1,support_actress,2011,False,['Amy Adams']
17,2,support_actress,2011,False,['Helena Bonham Carter']
18,3,support_actress,2011,False,['Mila Kunis']
19,4,support_actress,2011,False,['Hailee Steinfeld']
20,0,support_actor,2011,True,['Christian Bale']
21,1,support_actor,2011,False,['John Hawkes']
22,2,support_actor,2011,False,['Jeremy Renner']
23,3,support_actor,2011,False,['Mark Ruffalo']
24,4,support_actor,2011,False,['Geoffrey Rush']
0,0,best_picture_cast,2010,True,['Inglourious Basterds']
1,1,best_picture_cast,2010,False,['An Education']
2,2,best_picture_cast,2010,False,['The Hurt Locker']
3,3,best_picture_cast,2010,False,['Nine']
4,4,best_picture_cast,2010,False,"['Precious: Based on the Novel ""Push"" by Sapphire']"
5,0,best_actress,2010,True,['Jeff Bridges']
6,1,best_actress,2010,False,['George Clooney']
7,2,best_actress,2010,False,['Colin Firth']
8,3,best_actress,2010,False,['Morgan Freeman']
9,4,best_actress,2010,False,['Jeremy Renner']
10,0,best_actor,2010,True,['Sandra Bullock']
11,1,best_actor,2010,False,['Helen Mirren']
12,2,best_actor,2010,False,['Carey Mulligan']
13,3,best_actor,2010,False,['Gabourey Sidibe']
14,4,best_actor,2010,False,['Meryl Streep']
15,0,support_actress,2010,True,"[""Mo'Nique""]"
16,1,support_actress,2010,False,['Penélope Cruz']
17,2,support_actress,2010,False,['Vera Farminga']
18,3,support_actress,2010,False,['Anna Kendrick']
19,4,support_actress,2010,False,['Diane Kruger']
20,0,support_actor,2010,True,['Christoph Waltz']
21,1,support_actor,2010,False,['Matt Damon']
22,2,support_actor,2010,False,['Woody Harrelson']
23,3,support_actor,2010,False,['Christopher Plummer']
24,4,support_actor,2010,False,['Stanley Tucci']
0,0,best_picture_cast,2009,True,['Slumdog Millionaire']
1,1,best_picture_cast,2009,False,['The Curious Case of Benjamin Button']
2,2,best_picture_cast,2009,False,['Doubt']
3,3,best_picture_cast,2009,False,['Frost/Nixon']
4,4,best_picture_cast,2009,False,['Milk']
5,0,best_actress,2009,True,['Meryl Streep']
6,1,best_actress,2009,False,['Anne Hathaway']
7,2,best_actress,2009,False,['Angelina Jolie']
8,3,best_actress,2009,False,['Melissa Leo']
9,4,best_actress,2009,False,['Kate Winslet']
10,0,best_actor,2009,True,['Kate Winslet']
11,1,best_actor,2009,False,['Amy Adams']
12,2,best_actor,2009,False,['Penélope Cruz']
13,3,best_actor,2009,False,['Viola Davis']
14,4,best_actor,2009,False,['Taraji P. Henson']
15,0,support_actress,2009,True,['Heath Ledger']
16,1,support_actress,2009,False,['Josh Brolin']
17,2,support_actress,2009,False,"['Robert Downey', ' Jr.']"
18,3,support_actress,2009,False,['Philip Seymour Hoffman']
19,4,support_actress,2009,False,['Dev Patel']
20,0,support_actor,2009,True,
21,1,support_actor,2009,False,
22,2,support_actor,2009,False,
23,3,support_actor,2009,False,
24,4,support_actor,2009,False,
0,0,best_picture_cast,2008,True,['No Country For Old Men']
1,1,best_picture_cast,2008,False,['3:10 to Yuma']
2,2,best_picture_cast,2008,False,['American Gangster']
3,3,best_picture_cast,2008,False,['Hairspray']
4,4,best_picture_cast,2008,False,['Into The Wild']
5,0,best_actress,2008,True,['Julie Christie']
6,1,best_actress,2008,False,['Cate Blanchett']
7,2,best_actress,2008,False,['Marion Cotillard']
8,3,best_actress,2008,False,['Angelina Jolie']
9,4,best_actress,2008,False,['Ellen Page']
10,0,best_actor,2008,True,['Daniel Day-Lewis']
11,1,best_actor,2008,False,['George Clooney']
12,2,best_actor,2008,False,['Ryan Gosling']
13,3,best_actor,2008,False,['Emile Hirsch']
14,4,best_actor,2008,False,['Viggo Mortensen']
15,0,support_actress,2008,True,['Ruby Dee']
16,1,support_actress,2008,False,['Cate Blanchett']
17,2,support_actress,2008,False,['Catherine Keener']
18,3,support_actress,2008,False,['Amy Ryan']
19,4,support_actress,2008,False,['Tilda Swinton']
20,0,support_actor,2008,True,['Javier Bardem']
21,1,support_actor,2008,False,['Casey Affleck']
22,2,support_actor,2008,False,['Hal Holbrook']
23,3,support_actor,2008,False,['Tommy Lee Jones']
24,4,support_actor,2008,False,['Tom Wilkinson']
0,0,best_picture_cast,2007,True,['Little Miss Sunshine']
1,1,best_picture_cast,2007,False,['Babel']
2,2,best_picture_cast,2007,False,['Bobby']
3,3,best_picture_cast,2007,False,['The Departed']
4,4,best_picture_cast,2007,False,['Dreamgirls']
5,0,best_actress,2007,True,['Helen Mirren']
6,1,best_actress,2007,False,['Penélope Cruz']
7,2,best_actress,2007,False,['Judi Dench']
8,3,best_actress,2007,False,['Meryl Streep']
9,4,best_actress,2007,False,['Kate Winslet']
10,0,best_actor,2007,True,['Forest Whitaker']
11,1,best_actor,2007,False,['Leonardo DiCaprio']
12,2,best_actor,2007,False,['Ryan Gosling']
13,3,best_actor,2007,False,"[""Peter O'Toole""]"
14,4,best_actor,2007,False,['Will Smith']
15,0,support_actress,2007,True,['Jennifer Hudson']
16,1,support_actress,2007,False,['Adriana Barraza']
17,2,support_actress,2007,False,['Cate Blanchett']
18,3,support_actress,2007,False,['Abigail Breslin']
19,4,support_actress,2007,False,['Rinko Kikuchi']
20,0,support_actor,2007,True,['Eddie Murphy']
21,1,support_actor,2007,False,['Alan Arkin']
22,2,support_actor,2007,False,['Leonardo DiCaprio']
23,3,support_actor,2007,False,['Jackie Earle Haley']
24,4,support_actor,2007,False,['Djimon Hounsou']
0,0,best_picture_cast,2006,True,['Crash']
1,1,best_picture_cast,2006,False,['Brokeback Mountain']
2,2,best_picture_cast,2006,False,['Capote']
3,3,best_picture_cast,2006,False,"['Good Night', ' And Good Luck']"
4,4,best_picture_cast,2006,False,['Hustle & Flow']
5,0,best_actress,2006,True,['Reese Witherspoon']
6,1,best_actress,2006,False,['Judi Dench']
7,2,best_actress,2006,False,['Felicity Huffman']
8,3,best_actress,2006,False,['Charlize Theron']
9,4,best_actress,2006,False,['Ziyi Zhang ']
10,0,best_actor,2006,True,['Philip Seymour Hoffman']
11,1,best_actor,2006,False,['Russell Crowe']
12,2,best_actor,2006,False,['Heath Ledger']
13,3,best_actor,2006,False,['Joaquin Phoenix']
14,4,best_actor,2006,False,['David Strathairn']
15,0,support_actress,2006,True,['Rachel Weisz']
16,1,support_actress,2006,False,['Amy Adams']
17,2,support_actress,2006,False,['Catherine Keener']
18,3,support_actress,2006,False,['Frances McDormand']
19,4,support_actress,2006,False,['Michelle Williams']
20,0,support_actor,2006,True,['Paul Giamatti']
21,1,support_actor,2006,False,['Don Cheadle ']
22,2,support_actor,2006,False,['George Clooney']
23,3,support_actor,2006,False,['Matt Dillon']
24,4,support_actor,2006,False,['Jake Gyllenhaal']
0,0,best_picture_cast,2005,True,['Sideways']
1,1,best_picture_cast,2005,False,['The Aviator']
2,2,best_picture_cast,2005,False,['Finding Neverland']
3,3,best_picture_cast,2005,False,['Hotel Rwanda']
4,4,best_picture_cast,2005,False,['Million Dollar Baby']
5,5,best_picture_cast,2005,False,['Ray']
6,0,best_actress,2005,True,['Hilary Swank']
7,1,best_actress,2005,False,['Annette Bening']
8,2,best_actress,2005,False,['Catalina Sandino Moreno']
9,3,best_actress,2005,False,['Imelda Staunton']
10,4,best_actress,2005,False,['Kate Winslet']
11,5,best_actress,2005,False,['na']
12,0,best_actor,2005,True,['Jamie Foxx']
13,1,best_actor,2005,False,['Don Cheadle']
14,2,best_actor,2005,False,['Johnny Depp']
15,3,best_actor,2005,False,['Leonardo DiCaprio']
16,4,best_actor,2005,False,['Paul Giamatti']
17,5,best_actor,2005,False,['na']
18,0,support_actress,2005,True,['Cate Blanchett']
19,1,support_actress,2005,False,['Cloris Leachman']
20,2,support_actress,2005,False,['Laura Linney']
21,3,support_actress,2005,False,['Virginia Madsen']
22,4,support_actress,2005,False,['Sophie Okonedo']
23,5,support_actress,2005,False,['na']
24,0,support_actor,2005,True,['Morgan Freeman']
25,1,support_actor,2005,False,['Thomas Haden Church']
26,2,support_actor,2005,False,['Jamie Foxx']
27,3,support_actor,2005,False,['James Garner']
28,4,support_actor,2005,False,['Freddie Highmore']
29,5,support_actor,2005,False,['na']
0,0,best_picture_cast,2004,True,['THE LORD OF THE RINGS: THE RETURN OF THE KING ']
1,1,best_picture_cast,2004,False,['In America']
2,2,best_picture_cast,2004,False,['Mystic River']
3,3,best_picture_cast,2004,False,['Seabiscuit']
4,4,best_picture_cast,2004,False,['The Station Agent']
5,0,best_actress,2004,True,['Charlize Theron']
6,1,best_actress,2004,False,['Patricia Clarkson']
7,2,best_actress,2004,False,['Diane Keaton']
8,3,best_actress,2004,False,['Naomi Watts']
9,4,best_actress,2004,False,['Evan Rachel Wood']
10,0,best_actor,2004,True,['Johnny Depp']
11,1,best_actor,2004,False,['Peter Dinklage']
12,2,best_actor,2004,False,['Ben Kingsley']
13,3,best_actor,2004,False,['Bill Murray']
14,4,best_actor,2004,False,['Sean Penn']
15,0,support_actress,2004,True,['Renée Zellweger']
16,1,support_actress,2004,False,['Maria Bello']
17,2,support_actress,2004,False,['Keisha Castle-Hughes']
18,3,support_actress,2004,False,['Patricia Clarkson']
19,4,support_actress,2004,False,['Holly Hunter']
20,0,support_actor,2004,True,['Tim Robbins']
21,1,support_actor,2004,False,['Alec Baldwin']
22,2,support_actor,2004,False,['Chris Cooper']
23,3,support_actor,2004,False,['Benicio Del Toro']
24,4,support_actor,2004,False,['Ken Watanabe']
0,0,best_picture_cast,2003,True,['Chicago']
1,1,best_picture_cast,2003,False,['Adaptation']
2,2,best_picture_cast,2003,False,['The Hours']
3,3,best_picture_cast,2003,False,['The Lord of the Rings: The Two Towers']
4,4,best_picture_cast,2003,False,['My Big Fat Greek Wedding']
5,0,best_actress,2003,True,['Renée Zellweger']
6,1,best_actress,2003,False,['Salma Hayek']
7,2,best_actress,2003,False,['Nicole Kidman']
8,3,best_actress,2003,False,['Diane Lane']
9,4,best_actress,2003,False,['Julianne Moore']
10,0,best_actor,2003,True,['Daniel Day-Lewis']
11,1,best_actor,2003,False,['Adrien Brody']
12,2,best_actor,2003,False,['Nicolas Cage']
13,3,best_actor,2003,False,['Richard Gere']
14,4,best_actor,2003,False,['Jack Nicholson']
15,0,support_actress,2003,True,['Catherine Zeta-Jones']
16,1,support_actress,2003,False,['Kathy Bates']
17,2,support_actress,2003,False,['Julianne Moore']
18,3,support_actress,2003,False,['MIchelle Pfeiffer']
19,4,support_actress,2003,False,['Queen Latifah']
20,0,support_actor,2003,True,['Christopher Walken']
21,1,support_actor,2003,False,['Chris Cooper']
22,2,support_actor,2003,False,['Ed Harris']
23,3,support_actor,2003,False,['Alfred Molina']
24,4,support_actor,2003,False,['Dennis Quaid']
0,0,best_picture_cast,2002,True,['Gosford Park']
1,1,best_picture_cast,2002,False,['A Beautiful Mind']
2,2,best_picture_cast,2002,False,['In The Bedroom']
3,3,best_picture_cast,2002,False,['Lord Of The Rings: The Fellowship of the Ring']
4,4,best_picture_cast,2002,False,['Moulin Rouge']
5,0,best_actress,2002,True,['Halle Berry']
6,1,best_actress,2002,False,['Jennifer Connelly']
7,2,best_actress,2002,False,['Judi Dench']
8,3,best_actress,2002,False,['Sissy Spacek']
9,4,best_actress,2002,False,['Reneé Zellweger']
10,0,best_actor,2002,True,['Russell Crowe']
11,1,best_actor,2002,False,['Kevin Kline']
12,2,best_actor,2002,False,['Sean Penn']
13,3,best_actor,2002,False,['Denzel Washington']
14,4,best_actor,2002,False,['Tom Wilkinson']
15,0,support_actress,2002,True,['Helen Mirren']
16,1,support_actress,2002,False,['Cate Blanchett']
17,2,support_actress,2002,False,['Judi Dench']
18,3,support_actress,2002,False,['Cameron Diaz']
19,4,support_actress,2002,False,['Dakota Fanning']
20,0,support_actor,2002,True,['Ian McKellen']
21,1,support_actor,2002,False,['Jim Broadbent']
22,2,support_actor,2002,False,['Hayden Christensen']
23,3,support_actor,2002,False,['Ethan Hawke']
24,4,support_actor,2002,False,['Ben Kingsley']
0,0,best_picture_cast,2001,True,['Traffic']
1,1,best_picture_cast,2001,False,['Almost Famous']
2,2,best_picture_cast,2001,False,['Billy Elliot']
3,3,best_picture_cast,2001,False,['Chocolat']
4,4,best_picture_cast,2001,False,['Gladiator']
5,0,best_actress,2001,True,['Julia Roberts']
6,1,best_actress,2001,False,['Joan Allen']
7,2,best_actress,2001,False,['Juliette Binoche']
8,3,best_actress,2001,False,['Ellen Burstyn']
9,4,best_actress,2001,False,['Laura Linney']
10,0,best_actor,2001,True,['Benicio Del Toro']
11,1,best_actor,2001,False,['Jamie Bell']
12,2,best_actor,2001,False,['Russell Crowe']
13,3,best_actor,2001,False,['Tom Hanks']
14,4,best_actor,2001,False,['Geoffrey Rush']
15,0,support_actress,2001,True,['Judi Dench']
16,1,support_actress,2001,False,['Kate Hudson']
17,2,support_actress,2001,False,['Frances McDormand']
18,3,support_actress,2001,False,['Julie Walters']
19,4,support_actress,2001,False,['Kate Winslet']
20,0,support_actor,2001,True,['Albert Finney']
21,1,support_actor,2001,False,['Jeff Bridges']
22,2,support_actor,2001,False,['Willem Dafoe']
23,3,support_actor,2001,False,['Gary Oldman']
24,4,support_actor,2001,False,['Joaquin Phoenix']
0,0,best_picture_cast,2000,True,['American Beauty']
1,1,best_picture_cast,2000,False,['Being John Malkovich']
2,2,best_picture_cast,2000,False,['The Cider House Rules']
3,3,best_picture_cast,2000,False,['The Green Mile']
4,4,best_picture_cast,2000,False,['Magnolia']
5,0,best_actress,2000,True,['Annette Bening']
6,1,best_actress,2000,False,['Janet McTeer']
7,2,best_actress,2000,False,['Julianne Moore']
8,3,best_actress,2000,False,['Meryl Streep']
9,4,best_actress,2000,False,['Hilary Swank']
10,0,best_actor,2000,True,['Kevin Spacey']
11,1,best_actor,2000,False,['Jim Carrey']
12,2,best_actor,2000,False,['Russell Crowe']
13,3,best_actor,2000,False,['Philip Seymour Hoffman']
14,4,best_actor,2000,False,['Denzel Washington']
15,0,support_actress,2000,True,['Angelina Jolie']
16,1,support_actress,2000,False,['Cameron Diaz']
17,2,support_actress,2000,False,['Catherine Keener']
18,3,support_actress,2000,False,['Julianne Moore']
19,4,support_actress,2000,False,['Chloë Sevigny']
20,0,support_actor,2000,True,['Michael Caine']
21,1,support_actor,2000,False,['Chris Cooper']
22,2,support_actor,2000,False,['Tom Cruise']
23,3,support_actor,2000,False,['Michael Clarke Duncan']
24,4,support_actor,2000,False,['Haley Joel Osment']
0,0,best_picture_cast,1999,True,['Shakespeare in Love']
1,1,best_picture_cast,1999,False,['Life Is Beautiful']
2,2,best_picture_cast,1999,False,['Little Voice']
3,3,best_picture_cast,1999,False,['Saving Private Ryan']
4,4,best_picture_cast,1999,False,['Waking Ned Devine']
5,0,best_actress,1999,True,['Gwyneth Paltrow']
6,1,best_actress,1999,False,['Cate Blanchett']
7,2,best_actress,1999,False,['Jane Horrocks']
8,3,best_actress,1999,False,['Meryl Streep']
9,4,best_actress,1999,False,['Emily Watson']
10,0,best_actor,1999,True,['Roberto Benigni']
11,1,best_actor,1999,False,['Joseph Fiennes']
12,2,best_actor,1999,False,['Tom Hanks']
13,3,best_actor,1999,False,['Ian McKellen']
14,4,best_actor,1999,False,['Nick Nolte']
15,0,support_actress,1999,True,['Kathy Bates']
16,1,support_actress,1999,False,['Brenda Blethyn']
17,2,support_actress,1999,False,['Judi Dench']
18,3,support_actress,1999,False,['Rachel Griffiths']
19,4,support_actress,1999,False,['Lynn Redgrave']
20,0,support_actor,1999,True,['Robert Duvall']
21,1,support_actor,1999,False,['James Coburn']
22,2,support_actor,1999,False,['David Kelly']
23,3,support_actor,1999,False,['Geoffrey Rush']
24,4,support_actor,1999,False,['Billy Bob Thornton']
0,0,best_picture_cast,1998,True,['The Full Monty']
1,1,best_picture_cast,1998,False,['Boogie Nights']
2,2,best_picture_cast,1998,False,['Good Will Hunting']
3,3,best_picture_cast,1998,False,['L.A. Confidential']
4,4,best_picture_cast,1998,False,['Titanic']
5,5,best_picture_cast,1998,False,['na']
6,0,best_actress,1998,True,['Helen Hunt']
7,1,best_actress,1998,False,['Helena Bonham Carter']
8,2,best_actress,1998,False,['Judi Dench']
9,3,best_actress,1998,False,['Pam Grier']
10,4,best_actress,1998,False,['Kate Winslet']
11,5,best_actress,1998,False,['Robin Wright Penn']
12,0,best_actor,1998,True,['Jack Nicholson']
13,1,best_actor,1998,False,['Matt Damon']
14,2,best_actor,1998,False,['Robert Duvall']
15,3,best_actor,1998,False,['Peter Fonda']
16,4,best_actor,1998,False,['Dustin Hoffman']
17,5,best_actor,1998,False,['na']
18,0,support_actress,1998,True,['Kim Basinger']
19,1,support_actress,1998,False,['Gloria Stuart**']
20,2,support_actress,1998,False,['Minnie Driver']
21,3,support_actress,1998,False,['Alison Elliott']
22,4,support_actress,1998,False,['Julianne Moore']
23,5,support_actress,1998,False,['na']
24,0,support_actor,1998,True,['Robin Williams']
25,1,support_actor,1998,False,['Billy Connolly']
26,2,support_actor,1998,False,['Anthony Hopkins']
27,3,support_actor,1998,False,['Greg Kinnear']
28,4,support_actor,1998,False,['Burt Reynolds']
29,5,support_actor,1998,False,['na']
0,0,best_picture_cast,1997,True,['The Birdcage']
1,1,best_picture_cast,1997,False,['The English Patient']
2,2,best_picture_cast,1997,False,"[""Marvin's Room""]"
3,3,best_picture_cast,1997,False,['Shine']
4,4,best_picture_cast,1997,False,['Sling Blade']
5,0,best_actress,1997,True,['Brenda Blethyn']
6,1,best_actress,1997,False,['Diane Keaton']
7,2,best_actress,1997,False,['Frances McDormand']
8,3,best_actress,1997,False,['Gena Rowlands']
9,4,best_actress,1997,False,['Kristin Scott Thomas']
10,0,best_actor,1997,True,['Tom Cruise']
11,1,best_actor,1997,False,['Ralph Fiennes']
12,2,best_actor,1997,False,['Woody Harrelson']
13,3,best_actor,1997,False,['Geoffrey Rush']
14,4,best_actor,1997,False,['Billy Bob Thornton']
15,0,support_actress,1997,True,['Lauren Bacall']
16,1,support_actress,1997,False,['Juliette Binoche']
17,2,support_actress,1997,False,['Marisa Tomei']
18,3,support_actress,1997,False,['Gwen Verdon']
19,4,support_actress,1997,False,['Renee Zellweger']
20,0,support_actor,1997,True,['Hank Azaria']
21,1,support_actor,1997,False,['Cuba Gooding Jr.']
22,2,support_actor,1997,False,['Nathan Lane']
23,3,support_actor,1997,False,['William H. Macy']
24,4,support_actor,1997,False,['Noah Taylor']
0,0,best_picture_cast,1996,True,['Apollo 13']
1,1,best_picture_cast,1996,False,['Get Shorty']
2,2,best_picture_cast,1996,False,['How To Make An American Quilt']
3,3,best_picture_cast,1996,False,['Nixon']
4,4,best_picture_cast,1996,False,['Sense and Sensibility']
5,0,best_actress,1996,True,['Joan Allen']
6,1,best_actress,1996,False,['Susan Sarandon']
7,2,best_actress,1996,False,['Elisabeth Shue']
8,3,best_actress,1996,False,['Meryl Streep']
9,4,best_actress,1996,False,['Emma Thompson']
10,0,best_actor,1996,True,['Nicolas Cage']
11,1,best_actor,1996,False,['Anthony Hopkins']
12,2,best_actor,1996,False,['James Earl Jones']
13,3,best_actor,1996,False,['Sean Penn']
14,4,best_actor,1996,False,['Massimo Troisi']
15,0,support_actress,1996,True,['Stockard Channing']
16,1,support_actress,1996,False,['Anjelica Huston']
17,2,support_actress,1996,False,['Mira Sorvino']
18,3,support_actress,1996,False,['Mare Winningham']
19,4,support_actress,1996,False,['Kate Winslet']
20,0,support_actor,1996,True,['Kevin Bacon']
21,1,support_actor,1996,False,['Kenneth Branagh']
22,2,support_actor,1996,False,['Don Cheadle']
23,3,support_actor,1996,False,['Ed Harris']
24,4,support_actor,1996,False,['Kevin Spacey']
0,0,best_picture_cast,1995,True,['na']
1,1,best_picture_cast,1995,False,['na']
2,2,best_picture_cast,1995,False,['na']
3,3,best_picture_cast,1995,False,['na']
4,4,best_picture_cast,1995,False,['na']
5,0,best_actress,1995,True,['Jodie Foster']
6,1,best_actress,1995,False,['Jessica Lange']
7,2,best_actress,1995,False,['Meg Ryan']
8,3,best_actress,1995,False,['Susan Sarandon']
9,4,best_actress,1995,False,['Meryl Streep']
10,0,best_actor,1995,True,['Morgan Freeman']
11,1,best_actor,1995,False,['Tom Hanks']
12,2,best_actor,1995,False,['Paul Newman']
13,3,best_actor,1995,False,['Tim Robbins']
14,4,best_actor,1995,False,['John Travolta']
15,0,support_actress,1995,True,['Dianne Wiest']
16,1,support_actress,1995,False,['Jamie Lee Curtis']
17,2,support_actress,1995,False,['Sally Field']
18,3,support_actress,1995,False,['Uma Thurman']
19,4,support_actress,1995,False,['Robin Wright']
20,0,support_actor,1995,True,['Martin Landau']
21,1,support_actor,1995,False,['Samuel L. Jackson']
22,2,support_actor,1995,False,['Chazz Palminteri']
23,3,support_actor,1995,False,['Gary Sinise']
24,4,support_actor,1995,False,['JOHN TURTURRO']
